,architecture,input_dim,layer_width,n_layers,n_modes,batch_size,learning_rate,n_epochs,patience,weight_decay,train_rel_l2,val_rel_l2,test_rel_l2,time_spent,seed
0,deeponet,256,2048,4,8,n/a,5e-05,90000,4500,0,0.02116665616631508,0.02112756296992302,0.020805979147553444,909.180500280112,136346098
1,deeponet,256,4098,2,16,n/a,5e-05,90000,4500,0,0.004326017573475838,0.004549761302769184,0.004534915089607239,1800.0858203312382,732890380
2,deeponet,256,1024,4,8,n/a,0.0005,90000,4500,0,0.022744175046682358,0.022833915427327156,0.022525878623127937,135.6247695563361,418368851
3,deeponet,256,2048,2,16,n/a,0.0005,90000,4500,0,0.008512945845723152,0.008737119846045971,0.008656979538500309,213.7689987095073,450354105
4,deeponet,256,1024,4,8,n/a,0.0001,90000,4500,0,0.021165553480386734,0.021105768159031868,0.020789187401533127,290.88265306316316,213947774
5,deeponet,256,1024,1,16,n/a,1e-05,90000,4500,0,0.0057295034639537334,0.005985429044812918,0.005965203046798706,427.8060984844342,736475757
6,deeponet,256,512,2,8,n/a,1e-05,90000,4500,0,0.02078154869377613,0.02067245915532112,0.020343733951449394,469.05751741304994,878823630
7,deeponet,256,2048,1,32,n/a,0.0001,90000,4500,0,0.004230208229273558,0.00444319611415267,0.00442355964332819,494.9524290096015,589309482
8,deeponet,256,2048,2,32,n/a,5e-05,90000,4500,0,0.0016175649361684918,0.001792827621102333,0.0017849660944193602,1467.5354795698076,128392221
9,deeponet,256,512,4,16,n/a,1e-05,90000,4500,0,0.0020510859321802855,0.0023229278158396482,0.0022925364319235086,681.1308236643672,51776302
10,deeponet,256,256,1,8,n/a,1e-05,90000,4500,0,0.021805843338370323,0.021756313741207123,0.02144169807434082,411.4965059654787,597605805
11,deeponet,256,2048,4,8,n/a,0.0005,90000,4500,0,0.023680362850427628,0.02377721667289734,0.023462453857064247,417.78177495114505,307437627
12,deeponet,256,512,4,32,n/a,5e-05,90000,4500,0,0.0017743780044838786,0.0020419619977474213,0.0020296063739806414,663.8022026782855,981373646
13,deeponet,256,256,2,8,n/a,1e-05,90000,4500,0,0.020826594904065132,0.020721109583973885,0.02039239928126335,434.7583434553817,19059194
14,deeponet,256,512,1,32,n/a,1e-05,90000,4500,0,0.006402021739631891,0.006627493072301149,0.0066145979799330235,406.2880358900875,998497449
15,deeponet,256,4098,4,32,n/a,0.0001,90000,4500,0,0.003768464084714651,0.004180187825113535,0.004146452061831951,3285.6130524417385,368073897
16,deeponet,256,4098,2,32,n/a,1e-05,90000,4500,0,0.0015983287012204528,0.0017727268859744072,0.0017724712379276752,5761.154498505406,633394443
17,deeponet,256,512,1,8,n/a,5e-05,90000,4500,0,0.02132449671626091,0.021253300830721855,0.02093261107802391,394.13285115826875,610921097
18,deeponet,256,4098,4,32,n/a,0.0005,90000,4500,0,0.013672016561031342,0.013939658179879189,0.013823387213051319,1026.104489609599,700961222
19,deeponet,256,1024,2,32,n/a,1e-05,90000,4500,0,0.0016377862775698304,0.0018132920376956463,0.001803741091862321,758.2464562254027,304517703
20,deeponet,256,4098,2,8,n/a,5e-05,90000,4500,0,0.021588070318102837,0.021541336551308632,0.021216008812189102,1337.274928203784,678930894
21,deeponet,256,512,2,32,n/a,0.0001,90000,4500,0,0.0016642296686768532,0.0018460110295563936,0.0018328602891415358,455.3995382329449,993896346
22,deeponet,256,1024,2,8,n/a,0.0005,90000,4500,0,0.02138100564479828,0.021325906738638878,0.02102121151983738,122.82874777633697,29142739
23,deeponet,256,512,1,32,n/a,5e-05,90000,4500,0,0.004598303232342005,0.004793349653482437,0.004753929562866688,382.03422725759447,340213233
24,deeponet,256,256,2,32,n/a,0.0005,90000,4500,0,0.002711461391299963,0.0029176820535212755,0.0029122200794517994,225.3094145404175,574971464
25,deeponet,256,4098,4,8,n/a,0.0001,90000,4500,0,0.022134674713015556,0.022143529728055,0.021837973967194557,2533.0436893934384,450913434
26,deeponet,256,2048,1,16,n/a,1e-05,90000,4500,0,0.0055138845928013325,0.005789523478597403,0.005754465702921152,532.6439911667258,878395602
27,deeponet,256,256,2,32,n/a,1e-05,90000,4500,0,0.0023600906133651733,0.0025460715405642986,0.0025281328707933426,428.4684489397332,769358909
28,deeponet,256,1024,4,16,n/a,0.0005,90000,4500,0,0.007020672783255577,0.007502324879169464,0.007394357118755579,190.38024442456663,880878548
29,deeponet,256,2048,4,32,n/a,0.0005,90000,4500,0,0.007408628705888987,0.007854817435145378,0.007839221507310867,383.6860317559913,721897961
30,deeponet,256,256,1,32,n/a,1e-05,90000,4500,0,0.007949034683406353,0.008093015290796757,0.008095650002360344,399.3660014383495,459914191
31,deeponet,256,2048,1,16,n/a,0.0001,90000,4500,0,0.005117200314998627,0.005352652166038752,0.005347799975425005,492.3677676860243,380754120
32,deeponet,256,512,4,32,n/a,0.0001,90000,4500,0,0.0019932433497160673,0.0022877457085996866,0.0022861689794808626,550.0006637787446,690123387
33,deeponet,256,256,4,16,n/a,5e-05,90000,4500,0,0.0023167782928794622,0.0025809514336287975,0.002545031486079097,511.886996043846,732684905
34,deeponet,256,1024,1,8,n/a,1e-05,90000,4500,0,0.021422967314720154,0.02135755494236946,0.021042387932538986,417.0695537775755,527149117
35,deeponet,256,512,1,16,n/a,0.0001,90000,4500,0,0.004855931270867586,0.005041996482759714,0.005023863632231951,383.6367894234136,10395385
36,deeponet,256,4098,2,8,n/a,1e-05,90000,4500,0,0.020821593701839447,0.020718909800052643,0.020384512841701508,4096.450198593549,391592736
37,deeponet,256,4098,4,8,n/a,1e-05,90000,4500,0,0.021074717864394188,0.020996244624257088,0.020678872242569923,4978.399274543859,332674263
38,deeponet,256,2048,2,16,n/a,5e-05,90000,4500,0,0.0028613130562007427,0.003051675856113434,0.0030453605577349663,956.0607455121353,302120786
39,deeponet,256,256,4,32,n/a,0.0001,90000,4500,0,0.0022377956192940474,0.0024691408034414053,0.0024753331672400236,540.9431629814208,839965039
40,deeponet,256,2048,4,32,n/a,0.0001,90000,4500,0,0.003056390443816781,0.0034554742742329836,0.003420033026486635,921.3924203850329,647553615
41,deeponet,256,2048,4,8,n/a,1e-05,90000,4500,0,0.02082248590886593,0.020724395290017128,0.020391251891851425,2523.024500465952,928898518
42,deeponet,256,1024,2,8,n/a,0.0001,90000,4500,0,0.020934822037816048,0.020850718021392822,0.0205091442912817,239.17907040007412,916459116
43,deeponet,256,4098,1,32,n/a,1e-05,90000,4500,0,0.004980294965207577,0.005273124203085899,0.005258894991129637,782.4899998987094,499728210
44,deeponet,256,512,2,32,n/a,5e-05,90000,4500,0,0.0017030946910381317,0.0018798975506797433,0.001870461506769061,463.9949068604037,594532639
45,deeponet,256,256,4,32,n/a,5e-05,90000,4500,0,0.0022202893160283566,0.0024727643467485905,0.002453169319778681,503.6561407446861,769004131
46,deeponet,256,2048,4,16,n/a,0.0001,90000,4500,0,0.003151866840198636,0.003571842098608613,0.003552255919203162,1426.257141998969,733967587
47,deeponet,256,512,1,16,n/a,1e-05,90000,4500,0,0.006458521354943514,0.006639101076871157,0.006663690786808729,399.3950841994956,714793775
48,deeponet,256,2048,1,16,n/a,5e-05,90000,4500,0,0.005394700448960066,0.005639619193971157,0.005605973768979311,497.9922101367265,260589791
49,deeponet,256,1024,4,32,n/a,0.0005,90000,4500,0,0.006720706354826689,0.007392944302409887,0.007311361376196146,204.11577572580427,822264273
50,deeponet,256,256,2,16,n/a,5e-05,90000,4500,0,0.0024937016423791647,0.0026906151324510574,0.0026496450882405043,422.7530973693356,915309815
51,deeponet,256,2048,2,32,n/a,0.0005,90000,4500,0,0.004107796587049961,0.004358359612524509,0.004354380536824465,290.48867773264647,748157960
52,deeponet,256,1024,1,8,n/a,5e-05,90000,4500,0,0.021254276856780052,0.02118002437055111,0.020861422643065453,406.6309970030561,284260598
53,deeponet,256,512,2,16,n/a,0.0001,90000,4500,0,0.00206904043443501,0.002292957389727235,0.002260475419461727,449.1585524948314,975655324
54,deeponet,256,4098,2,32,n/a,0.0005,90000,4500,0,0.0072372243739664555,0.007512741256505251,0.007411847356706858,665.488547696732,55908444
55,deeponet,256,1024,2,32,n/a,0.0005,90000,4500,0,0.0067538549192249775,0.006924633868038654,0.006869615986943245,118.66226207930595,938553098
56,deeponet,256,256,4,32,n/a,0.0005,90000,4500,0,0.0040299976244568825,0.004468741826713085,0.004454427864402533,208.5021195774898,829672030
57,deeponet,256,1024,2,8,n/a,5e-05,90000,4500,0,0.020871544256806374,0.020779110491275787,0.02043956331908703,329.28508228901774,26057931
58,deeponet,256,512,1,32,n/a,0.0001,90000,4500,0,0.004238514229655266,0.004416903480887413,0.004387811757624149,386.1015702979639,654607098
59,deeponet,256,2048,1,8,n/a,0.0001,90000,4500,0,0.02160383015871048,0.021558642387390137,0.021229185163974762,330.3112360658124,955949206
60,deeponet,256,4098,2,16,n/a,0.0005,90000,4500,0,0.008238682523369789,0.008569796569645405,0.00850727129727602,576.4710473995656,644473187
61,deeponet,256,4098,1,32,n/a,0.0005,90000,4500,0,0.006126244552433491,0.0064282347448170185,0.006408482789993286,292.02551099285483,110471251
62,deeponet,256,4098,1,32,n/a,0.0001,90000,4500,0,0.004705209285020828,0.004955537151545286,0.0049427105113863945,741.4533899677917,507458034
63,deeponet,256,1024,2,32,n/a,0.0001,90000,4500,0,0.0020842321682721376,0.0022769724018871784,0.0022515978198498487,383.9639624413103,870090784
64,deeponet,256,1024,1,8,n/a,0.0001,90000,4500,0,0.02141103893518448,0.021332519128918648,0.021018655970692635,284.02953223045915,181766035
65,deeponet,256,4098,1,8,n/a,0.0001,90000,4500,0,0.022235620766878128,0.02219253033399582,0.02189350314438343,320.13366259261966,677781998
66,deeponet,256,512,4,8,n/a,0.0005,90000,4500,0,0.021515892818570137,0.0215265154838562,0.021237263455986977,97.89046785514802,764585758
67,deeponet,256,256,4,16,n/a,0.0005,90000,4500,0,0.004471051972359419,0.0049722325056791306,0.004906689748167992,147.455161283724,393507268
68,deeponet,256,4098,1,32,n/a,5e-05,90000,4500,0,0.004739098716527224,0.004994941875338554,0.004976385273039341,735.5908759068698,885301563
69,deeponet,256,1024,4,32,n/a,5e-05,90000,4500,0,0.0015864401357248425,0.0018943664617836475,0.001896943082101643,1284.8871547402814,584100817
70,deeponet,256,4098,1,16,n/a,1e-05,90000,4500,0,0.005448808427900076,0.005715072620660067,0.005672153551131487,765.0339081520215,87769325
71,deeponet,256,4098,2,8,n/a,0.0005,90000,4500,0,0.022358905524015427,0.022359974682331085,0.02206534892320633,663.6243813978508,993802428
72,deeponet,256,2048,4,32,n/a,5e-05,90000,4500,0,0.0028544447850435972,0.0031904710922390223,0.0031643409747630358,1038.7246248805895,918948393
73,deeponet,256,2048,2,32,n/a,1e-05,90000,4500,0,0.0015245110262185335,0.0016968080308288336,0.0016814529662951827,1707.8699938617647,866271849
74,deeponet,256,2048,1,8,n/a,0.0005,90000,4500,0,0.02267233282327652,0.0226361695677042,0.02233530767261982,102.26797609124333,517759111
75,deeponet,256,1024,1,32,n/a,0.0005,90000,4500,0,0.005983792245388031,0.006187241990119219,0.006155200768262148,181.05828179884702,66388509
76,deeponet,256,256,2,8,n/a,5e-05,90000,4500,0,0.0207716915756464,0.020656848326325417,0.02032163366675377,374.09548416826874,713237087
77,deeponet,256,4098,1,8,n/a,0.0005,90000,4500,0,0.022164206951856613,0.0221063494682312,0.021809851750731468,273.4058711696416,727593906
78,deeponet,256,512,2,16,n/a,5e-05,90000,4500,0,0.0020614834502339363,0.0022712049540132284,0.002256072359159589,450.3960978323594,442811964
79,deeponet,256,2048,1,32,n/a,0.0005,90000,4500,0,0.0070223500952124596,0.007233062293380499,0.007223965134471655,210.56787725538015,871691440
80,deeponet,256,4098,4,16,n/a,5e-05,90000,4500,0,0.00348867429420352,0.0038859941996634007,0.003854756709188223,4900.381870144978,820272845
81,deeponet,256,4098,1,8,n/a,1e-05,90000,4500,0,0.02139580249786377,0.021348847076296806,0.021026037633419037,764.1499358480796,456219264
82,deeponet,256,2048,2,8,n/a,0.0001,90000,4500,0,0.021540461108088493,0.021491190418601036,0.021174941211938858,280.0188233964145,197641145
83,deeponet,256,1024,1,16,n/a,5e-05,90000,4500,0,0.005200998857617378,0.005416349973529577,0.005395531188696623,412.467350050807,924072157
84,deeponet,256,2048,1,32,n/a,5e-05,90000,4500,0,0.004565595183521509,0.0048187486827373505,0.004780228715389967,514.1636037416756,374661370
85,deeponet,256,256,4,32,n/a,1e-05,90000,4500,0,0.002577288541942835,0.002846220275387168,0.0028157182969152927,530.1159278452396,930184978
86,deeponet,256,4098,2,16,n/a,0.0001,90000,4500,0,0.005064728204160929,0.005311792250722647,0.0052746920846402645,1379.0339834550396,478342612
87,deeponet,256,512,1,8,n/a,0.0005,90000,4500,0,0.021587735041975975,0.021524420008063316,0.02121121622622013,176.50214016996324,551195424
88,deeponet,256,4098,4,8,n/a,0.0005,90000,4500,0,0.02356877736747265,0.023613478988409042,0.023253753781318665,1415.9123756997287,609097814
89,deeponet,256,512,2,32,n/a,1e-05,90000,4500,0,0.001923895557411015,0.002104776678606868,0.002098510041832924,472.7640841472894,684342491
90,deeponet,256,256,4,8,n/a,0.0005,90000,4500,0,0.020960019901394844,0.020965944975614548,0.020651351660490036,209.46534078009427,794570598
91,deeponet,256,2048,2,8,n/a,1e-05,90000,4500,0,0.020762387663125992,0.020653333514928818,0.02031630650162697,1712.7530927881598,294263376
92,deeponet,256,2048,4,8,n/a,5e-05,90000,4500,0,0.02086181938648224,0.02079245075583458,0.0204628799110651,1760.5734875164926,96418288
93,deeponet,256,512,4,8,n/a,0.0001,90000,4500,0,0.02114810422062874,0.02107047848403454,0.02073817141354084,291.4486188357696,906102882
94,deeponet,256,4098,2,8,n/a,0.0001,90000,4500,0,0.02116931602358818,0.021125856786966324,0.020811278373003006,1523.0586380902678,927967460
95,deeponet,256,1024,1,8,n/a,1e-05,90000,4500,0,0.021413106471300125,0.021358665078878403,0.02103789895772934,704.0340515915304,816692435
96,deeponet,256,4098,1,32,n/a,1e-05,90000,4500,0,0.005033530294895172,0.005353447515517473,0.005293496884405613,1339.515957149677,323556009
97,deeponet,256,256,4,32,n/a,5e-05,90000,4500,0,0.0023136117961257696,0.0025592835154384375,0.0025370584335178137,789.2040817877278,116077485
98,deeponet,256,1024,1,32,n/a,1e-05,90000,4500,0,0.00571012357249856,0.005970751401036978,0.00597613537684083,750.1284721139818,999643688
99,deeponet,256,512,4,16,n/a,0.0001,90000,4500,0,0.002663593040779233,0.003004187485203147,0.0029707287903875113,296.19957354292274,329900980
100,deeponet,256,512,1,16,n/a,5e-05,90000,4500,0,0.005041650030761957,0.00523401377722621,0.0052081020548939705,510.33361170068383,282178009
101,deeponet,256,256,1,32,n/a,5e-05,90000,4500,0,0.005116586107760668,0.005273434799164534,0.005265938118100166,415.72037543263286,898253167
102,deeponet,256,2048,1,32,n/a,0.0001,90000,4500,0,0.004642191343009472,0.004859465640038252,0.0048408652655780315,552.3818215616047,493410637
103,deeponet,256,256,2,32,n/a,5e-05,90000,4500,0,0.0019500741036608815,0.0021282953675836325,0.0021100081503391266,447.05617104284465,68391019
104,deeponet,256,2048,2,8,n/a,0.0005,90000,4500,0,0.02251373790204525,0.022502068430185318,0.022179782390594482,187.60826581344008,91559768
105,deeponet,256,256,4,16,n/a,0.0005,90000,4500,0,0.004189445171505213,0.004655779339373112,0.004661597777158022,228.01811093091965,79281530
106,deeponet,256,1024,2,8,n/a,1e-05,90000,4500,0,0.020756622776389122,0.020642809569835663,0.020311696454882622,878.9147063856944,728606899
107,deeponet,256,256,1,8,n/a,0.0001,90000,4500,0,0.02122124843299389,0.021137671545147896,0.020803702995181084,535.0772138275206,671482186
108,deeponet,256,256,1,32,n/a,0.0001,90000,4500,0,0.004483200144022703,0.004640856292098761,0.004608596675097942,410.5813340898603,321131107
109,deeponet,256,2048,4,16,n/a,1e-05,90000,4500,0,0.0020785918459296227,0.0023385616950690746,0.0023141305427998304,3007.8902151202783,569331397
110,deeponet,256,512,4,8,n/a,0.0001,90000,4500,0,0.02096550166606903,0.020887400954961777,0.02055487222969532,193.3119152886793,276178355
111,deeponet,256,4098,2,16,n/a,1e-05,90000,4500,0,0.0020537881646305323,0.002255571074783802,0.002236412139609456,5672.9299479248,276110390
112,deeponet,256,4098,2,16,n/a,5e-05,90000,4500,0,0.003861643373966217,0.004127717576920986,0.004069684538990259,1741.4836377613246,712963042
113,deeponet,256,512,4,32,n/a,5e-05,90000,4500,0,0.001736012171022594,0.002008760115131736,0.0019724962767213583,809.0968982353806,540887031
114,deeponet,256,4098,4,16,n/a,5e-05,90000,4500,0,0.0037374217063188553,0.004151237662881613,0.004120924510061741,4184.256899612024,53172755
115,deeponet,256,1024,1,16,n/a,0.0001,90000,4500,0,0.004914142657071352,0.005143750458955765,0.005079823080450296,549.8658609502017,3933923
116,deeponet,256,512,4,16,n/a,5e-05,90000,4500,0,0.0018177727470174432,0.0020797341130673885,0.0020645209588110447,819.98446110636,555778566
117,deeponet,256,512,1,32,n/a,5e-05,90000,4500,0,0.004603358916938305,0.004795957822352648,0.004783663898706436,551.7749715587124,803537644
118,deeponet,256,1024,1,8,n/a,1e-05,90000,4500,0,0.021335460245609283,0.021288830786943436,0.020969333127141,603.6207941798493,24355010
119,deeponet,256,256,4,8,n/a,5e-05,90000,4500,0,0.02073407918214798,0.020625025033950806,0.02028580941259861,637.9009085409343,502933258
120,deeponet,256,4098,2,16,n/a,0.0001,90000,4500,0,0.004429782275110483,0.004655121359974146,0.004648133181035519,1851.9874126417562,14283341
121,deeponet,256,256,4,32,n/a,5e-05,90000,4500,0,0.002227712655439973,0.002478483133018017,0.002460774965584278,524.7950345762074,529271843
122,deeponet,256,512,1,16,n/a,0.0005,90000,4500,0,0.005617841612547636,0.0058350772596895695,0.0057876985520124435,194.7220687288791,875780147
123,deeponet,256,256,4,32,n/a,0.0005,90000,4500,0,0.003656794549897313,0.004149782937020063,0.004158805590122938,234.15743577759713,602278644
124,deeponet,256,256,4,16,n/a,0.0005,90000,4500,0,0.0038705961778759956,0.004376547411084175,0.004323447123169899,185.5656851734966,57026316
125,deeponet,256,512,2,16,n/a,5e-05,90000,4500,0,0.0020891607273370028,0.00229538232088089,0.0022883908823132515,549.775106142275,932253042
126,deeponet,256,2048,2,16,n/a,1e-05,90000,4500,0,0.001989299664273858,0.002198713831603527,0.002163234632462263,1893.965065728873,13397522
127,deeponet,256,4098,2,8,n/a,1e-05,90000,4500,0,0.02078770473599434,0.020682336762547493,0.020350228995084763,5382.0290211532265,726894722
128,deeponet,256,512,2,32,n/a,1e-05,90000,4500,0,0.0019442170159891248,0.0021150042302906513,0.0021186734084039927,676.6179513502866,922923787
129,deeponet,256,256,1,32,n/a,5e-05,90000,4500,0,0.005234026350080967,0.005414162762463093,0.005388434045016766,545.1345259193331,709785145
130,deeponet,256,512,4,16,n/a,0.0001,90000,4500,0,0.0023113263305276632,0.0026614926755428314,0.0026323432102799416,510.7477162834257,358148414
131,deeponet,256,4098,2,16,n/a,1e-05,90000,4500,0,0.0020544109866023064,0.002260227920487523,0.0022490781266242266,5815.694299932569,136012484
132,deeponet,256,512,1,16,n/a,0.0005,90000,4500,0,0.005354020278900862,0.005539375357329845,0.005524669773876667,240.59972896054387,184133833
133,deeponet,256,256,4,8,n/a,0.0001,90000,4500,0,0.02082461677491665,0.0207319725304842,0.020404914394021034,247.59693052619696,572915164
134,deeponet,256,4098,4,8,n/a,0.0001,90000,4500,0,0.021667448803782463,0.02165679633617401,0.02131996862590313,3365.2041905066,154385380
135,deeponet,256,2048,1,32,n/a,1e-05,90000,4500,0,0.005372507032006979,0.005653446074575186,0.005590374115854502,752.1608847118914,375777662
136,deeponet,256,4098,2,16,n/a,0.0005,90000,4500,0,0.006891454104334116,0.007214459590613842,0.0071956622414290905,718.4229917880148,951617981
137,deeponet,256,2048,4,8,n/a,0.0001,90000,4500,0,0.02110716700553894,0.021078240126371384,0.020764080807566643,1014.703766560182,827000104
138,deeponet,256,256,4,8,n/a,0.0001,90000,4500,0,0.020844342187047005,0.020748822018504143,0.0204191692173481,348.3633395303041,35049605
139,deeponet,256,4098,4,16,n/a,0.0001,90000,4500,0,0.005316878668963909,0.005705531220883131,0.005726953968405724,2955.5224655931816,474849654
140,deeponet,256,2048,4,32,n/a,1e-05,90000,4500,0,0.0013658646494150162,0.0016480576014146209,0.0016240110853686929,4254.221551238559,33050049
141,deeponet,256,1024,2,32,n/a,5e-05,90000,4500,0,0.001560809905640781,0.0017311967676505446,0.0017245534108951688,844.5882822480053,600953160
142,deeponet,256,256,1,16,n/a,0.0001,90000,4500,0,0.005499923136085272,0.005666800308972597,0.005656478926539421,549.3440797682852,849987424
143,deeponet,256,512,1,32,n/a,1e-05,90000,4500,0,0.006356020923703909,0.006577859167009592,0.006570403929799795,507.24455612245947,288369660
144,deeponet,256,4098,4,16,n/a,0.0001,90000,4500,0,0.005134776700288057,0.005573192611336708,0.005556597840040922,2298.89377669245,706897213
145,deeponet,256,2048,2,8,n/a,0.0005,90000,4500,0,0.021229909732937813,0.021190745756030083,0.02086741104722023,470.2246047910303,548044460
146,deeponet,256,256,1,16,n/a,1e-05,90000,4500,0,0.007487371563911438,0.0076324655674397945,0.007628616876900196,408.69102875702083,110341926
147,deeponet,256,512,1,32,n/a,0.0005,90000,4500,0,0.003988237120211124,0.004175386391580105,0.004136065486818552,361.52172254770994,150296418
148,deeponet,256,256,4,16,n/a,1e-05,90000,4500,0,0.0026878630742430687,0.002983953570947051,0.0029367643874138594,535.0406400216743,340594159
149,deeponet,256,1024,1,32,n/a,5e-05,90000,4500,0,0.004502434749156237,0.004716900642961264,0.004698739852756262,444.3336607022211,270576525
150,deeponet,256,1024,4,8,n/a,1e-05,90000,4500,0,0.020745350047945976,0.020636461675167084,0.020301761105656624,1234.7775415237993,97424780
151,deeponet,256,512,4,32,n/a,5e-05,90000,4500,0,0.0018086666241288185,0.002081490820273757,0.0020601300057023764,805.8355590607971,500337407
152,deeponet,256,4098,4,32,n/a,1e-05,90000,4500,0,0.0016127435956150293,0.0018838827963918447,0.001865746802650392,10454.465463427827,941267041
153,deeponet,256,512,4,16,n/a,5e-05,90000,4500,0,0.0017743193311616778,0.0020264952909201384,0.002034762641415,818.5524480594322,939442593
154,deeponet,256,256,1,8,n/a,1e-05,90000,4500,0,0.021850893273949623,0.0217753779143095,0.02148461900651455,573.3084453046322,992968040
155,deeponet,256,2048,4,32,n/a,1e-05,90000,4500,0,0.0013692235806956887,0.0016419165767729282,0.0016331641236320138,4103.091956517659,804004940
156,deeponet,256,512,1,8,n/a,1e-05,90000,4500,0,0.021528631448745728,0.021468287333846092,0.021159393712878227,465.15474984329194,927538931
157,deeponet,256,2048,1,8,n/a,5e-05,90000,4500,0,0.021286901086568832,0.0212100762873888,0.02090432494878769,530.4633072409779,562390765
158,deeponet,256,512,2,8,n/a,5e-05,90000,4500,0,0.02075585164129734,0.020651021972298622,0.020311569795012474,566.9071676908061,91338251
159,deeponet,256,512,2,32,n/a,5e-05,90000,4500,0,0.0016696262173354626,0.0018424087902531028,0.0018235892057418823,641.9506771545857,897642243
160,deeponet,256,1024,1,32,n/a,1e-05,90000,4500,0,0.005738975014537573,0.006024469155818224,0.005993839353322983,540.6295469142497,316923386
161,deeponet,256,4098,1,16,n/a,0.0005,90000,4500,0,0.006341886706650257,0.006602915469557047,0.006600084248930216,421.5368571197614,207764150
162,deeponet,256,1024,2,16,n/a,5e-05,90000,4500,0,0.0020208521746098995,0.0022187537979334593,0.0021962050814181566,764.2359628882259,852159331
163,deeponet,256,1024,2,16,n/a,0.0001,90000,4500,0,0.003419175511226058,0.003642208641394973,0.00361420214176178,309.9636773876846,376930755
164,deeponet,256,2048,4,8,n/a,5e-05,90000,4500,0,0.02086813747882843,0.020806826651096344,0.02046591229736805,1870.6876835227013,517939309
165,deeponet,256,256,1,32,n/a,0.0001,90000,4500,0,0.004309660289436579,0.004458635114133358,0.004457545001059771,509.4416207810864,600286358
166,deeponet,256,256,1,16,n/a,0.0001,90000,4500,0,0.005034076049923897,0.0051971073262393475,0.0051660602912306786,388.1124810865149,502148607
167,deeponet,256,512,2,16,n/a,1e-05,90000,4500,0,0.0022258374374359846,0.0024303882382810116,0.002420843346044421,664.3233271781355,40195410
168,deeponet,256,4098,1,16,n/a,0.0005,90000,4500,0,0.005669869482517242,0.005940193310379982,0.005915724206715822,496.6935737077147,358656424
169,deeponet,256,4098,4,16,n/a,1e-05,90000,4500,0,0.002700159326195717,0.002969436114653945,0.0029439995996654034,9207.158681982197,556925237
170,deeponet,256,512,4,8,n/a,0.0001,90000,4500,0,0.021029608324170113,0.020953701809048653,0.020623469725251198,259.29669922590256,242140973
171,deeponet,256,4098,2,8,n/a,0.0001,90000,4500,0,0.021094517782330513,0.021050741896033287,0.020719431340694427,1639.2000931110233,478234830
172,deeponet,256,512,1,16,n/a,5e-05,90000,4500,0,0.0051146685145795345,0.005303884856402874,0.005286387167870998,501.82687447592616,553069064
173,deeponet,256,256,1,32,n/a,5e-05,90000,4500,0,0.005181549582630396,0.005369358230382204,0.005342510063201189,439.5416590748355,926363887
174,deeponet,256,256,2,32,n/a,5e-05,90000,4500,0,0.0019773622043430805,0.002117571420967579,0.0021174843423068523,583.7149037150666,990668367
175,deeponet,256,2048,2,8,n/a,0.0005,90000,4500,0,0.0212975163012743,0.021241215988993645,0.020930621773004532,345.55837698932737,738045929
176,deeponet,256,256,1,8,n/a,0.0001,90000,4500,0,0.02133902907371521,0.02124456875026226,0.020930232480168343,420.5923480251804,629386541
177,deeponet,256,256,1,16,n/a,1e-05,90000,4500,0,0.007347218692302704,0.007570421788841486,0.0075432308949530125,386.02515793498605,641410562
178,deeponet,256,256,1,32,n/a,0.0001,90000,4500,0,0.004371379502117634,0.004539832938462496,0.004497208632528782,540.9183177147061,978853436
179,deeponet,256,4098,2,16,n/a,5e-05,90000,4500,0,0.003614689689129591,0.0038396669551730156,0.003796171862632036,2346.3809792026877,917003861
180,deeponet,256,512,1,32,n/a,5e-05,90000,4500,0,0.004530901554971933,0.00472284248098731,0.004692236427217722,417.45843160524964,209521112
181,deeponet,256,1024,2,8,n/a,0.0001,90000,4500,0,0.0211335439234972,0.021048149093985558,0.020734110847115517,203.2186947967857,224501591
182,deeponet,256,1024,4,8,n/a,5e-05,90000,4500,0,0.02091582491993904,0.02082796022295952,0.02049878239631653,544.114692135714,180619898
183,deeponet,256,256,4,32,n/a,0.0005,90000,4500,0,0.004511316306889057,0.004950856324285269,0.004964942578226328,180.79272099304944,163986187
184,deeponet,256,1024,4,8,n/a,1e-05,90000,4500,0,0.020733550190925598,0.02062182128429413,0.02028699405491352,1356.2562322551385,776982346
185,deeponet,256,4098,2,16,n/a,1e-05,90000,4500,0,0.0020698639564216137,0.0022800287697464228,0.0022604502737522125,5773.313550659455,686359479
186,deeponet,256,512,2,16,n/a,5e-05,90000,4500,0,0.0020325789228081703,0.002233490813523531,0.00221460429020226,600.7132780821994,290324222
187,deeponet,256,512,2,32,n/a,1e-05,90000,4500,0,0.0019715551752597094,0.0021609580144286156,0.0021396083757281303,557.4443409526721,24432592
188,deeponet,256,512,4,16,n/a,0.0001,90000,4500,0,0.002408411353826523,0.00274931569583714,0.002737141214311123,417.50064623262733,222925319
189,deeponet,256,1024,4,16,n/a,1e-05,90000,4500,0,0.0017698385054245591,0.002036837162449956,0.002019462874159217,1616.1240147110075,677945487
190,deeponet,256,1024,2,8,n/a,5e-05,90000,4500,0,0.020812172442674637,0.02070540189743042,0.0203707255423069,578.8643894949928,218678308
191,deeponet,256,512,1,16,n/a,0.0005,90000,4500,0,0.005344735458493233,0.005537709686905146,0.005513003095984459,358.11308044102043,470369633
192,deeponet,256,256,4,8,n/a,0.0001,90000,4500,0,0.020814847201108932,0.02072163112461567,0.020387476310133934,380.2193225361407,20919771
193,deeponet,256,2048,4,16,n/a,1e-05,90000,4500,0,0.0020518575329333544,0.002324608387425542,0.0022946821991354227,3077.424863539636,341734666
194,deeponet,256,4098,4,32,n/a,1e-05,90000,4500,0,0.001414047321304679,0.0016845747595652938,0.0016640472458675504,13253.51880594343,388518128
195,deeponet,256,4098,4,16,n/a,0.0001,90000,4500,0,0.0058287507854402065,0.006272277794778347,0.0062040043994784355,2600.6926886010915,153028114
196,deeponet,256,2048,4,32,n/a,1e-05,90000,4500,0,0.0013461417984217405,0.0016282552387565374,0.0016041988274082541,4294.995590340346,535726003
197,deeponet,256,512,1,32,n/a,0.0005,90000,4500,0,0.0048295133747160435,0.0050006709061563015,0.004966641776263714,311.4332978865132,552689866
198,deeponet,256,1024,1,8,n/a,0.0005,90000,4500,0,0.021219443529844284,0.02114848420023918,0.020845798775553703,429.1984049938619,86844930
199,deeponet,256,512,4,16,n/a,1e-05,90000,4500,0,0.0020327537786215544,0.002298686420544982,0.002282456960529089,766.449057366699,412003034
200,deeponet,256,4098,4,8,n/a,5e-05,90000,4500,0,0.02103511616587639,0.021000342443585396,0.02067946456372738,4548.832077143714,699559968
201,deeponet,256,256,1,16,n/a,0.0001,90000,4500,0,0.00518459128215909,0.005338837392628193,0.005293476860970259,526.084472456947,589827555
202,deeponet,256,256,1,16,n/a,1e-05,90000,4500,0,0.0073954821564257145,0.007566605694591999,0.007538522128015757,571.6243747454137,759509397
203,deeponet,256,1024,4,8,n/a,1e-05,90000,4500,0,0.02076880633831024,0.020666299387812614,0.020333824679255486,1179.2605056036264,779567554
204,deeponet,256,1024,2,16,n/a,0.0001,90000,4500,0,0.002488782163709402,0.002714680042117834,0.0026773789431899786,600.3467857446522,112181190
205,deeponet,256,512,4,16,n/a,5e-05,90000,4500,0,0.001894958084449172,0.002169498009607196,0.0021584457717835903,654.9557309877127,579355644
206,deeponet,256,4098,4,32,n/a,1e-05,90000,4500,0,0.001904828124679625,0.0021735222544521093,0.002146820304915309,7804.14617210906,405698041
207,deeponet,256,2048,2,16,n/a,1e-05,90000,4500,0,0.001967616844922304,0.002160597126930952,0.0021503218449652195,1840.7788465665653,101597385
208,deeponet,256,2048,4,16,n/a,5e-05,90000,4500,0,0.002799877431243658,0.0031557732727378607,0.0031311200000345707,1428.209058132954,200007595
209,deeponet,256,512,4,32,n/a,0.0001,90000,4500,0,0.0019942910876125097,0.0023063519038259983,0.002309055533260107,712.4154633199796,995074550
210,deeponet,256,2048,4,8,n/a,0.0001,90000,4500,0,0.020889602601528168,0.020833518356084824,0.02050832100212574,1239.5596156818792,45492462
211,deeponet,256,512,1,8,n/a,0.0005,90000,4500,0,0.021891949698328972,0.021804874762892723,0.02152932807803154,225.7529429635033,813515630
212,deeponet,256,2048,2,32,n/a,1e-05,90000,4500,0,0.0015750814927741885,0.0017352055292576551,0.001730704098008573,1950.3687666831538,825689520
213,deeponet,256,4098,4,32,n/a,5e-05,90000,4500,0,0.0037223799154162407,0.004049479495733976,0.004028075374662876,3296.5940953921527,299329952
214,deeponet,256,512,1,8,n/a,1e-05,90000,4500,0,0.021562719717621803,0.021515656262636185,0.02119354158639908,431.7213199585676,324514046
215,deeponet,256,4098,2,8,n/a,0.0001,90000,4500,0,0.020952561870217323,0.02089114673435688,0.020558422431349754,2045.7040937561542,615535024
216,deeponet,256,512,1,8,n/a,1e-05,90000,4500,0,0.021585920825600624,0.021533271297812462,0.02120843157172203,400.121678031981,967071875
217,deeponet,256,2048,1,8,n/a,5e-05,90000,4500,0,0.02133241854608059,0.021267753094434738,0.020938502624630928,630.2794146146625,549706503
218,deeponet,256,1024,1,32,n/a,1e-05,90000,4500,0,0.005761479493230581,0.006052875425666571,0.006045747548341751,497.20850042719394,664724305
219,deeponet,256,4098,1,16,n/a,0.0005,90000,4500,0,0.006648923270404339,0.006906452588737011,0.006927222479134798,314.04567510820925,526557610
220,deeponet,256,1024,2,16,n/a,0.0001,90000,4500,0,0.0029759916942566633,0.0031684094574302435,0.003153123427182436,406.09239420387894,248084446
221,deeponet,256,512,2,16,n/a,1e-05,90000,4500,0,0.0022522679064422846,0.0024505495093762875,0.002423206577077508,645.6561547545716,798529950
222,deeponet,256,512,4,8,n/a,1e-05,90000,4500,0,0.020736923441290855,0.02063249796628952,0.020295722410082817,801.8990279175341,630522258
223,deeponet,256,1024,4,8,n/a,5e-05,90000,4500,0,0.02093803696334362,0.02085316926240921,0.02052384428679943,471.6084244539961,857507418
224,deeponet,256,4098,4,32,n/a,0.0005,90000,4500,0,0.010732026770710945,0.010992243885993958,0.010967772454023361,1162.235904914327,472435774
225,deeponet,256,1024,4,16,n/a,1e-05,90000,4500,0,0.0017347465036436915,0.0020049402955919504,0.001989525044336915,1552.4162147510797,394166375
226,deeponet,256,256,4,16,n/a,0.0001,90000,4500,0,0.002458071568980813,0.0027215653099119663,0.0027205769438296556,631.0870750090107,765804004
227,deeponet,256,2048,1,8,n/a,5e-05,90000,4500,0,0.021334096789360046,0.02126803621649742,0.02094295248389244,493.3345056399703,282464298
228,deeponet,256,2048,4,16,n/a,1e-05,90000,4500,0,0.001836326438933611,0.00209780759178102,0.002085026353597641,3597.8444631546736,115582089
229,deeponet,256,512,4,8,n/a,5e-05,90000,4500,0,0.020812438800930977,0.020711716264486313,0.020382462069392204,401.2098982175812,945871546
230,deeponet,256,2048,4,16,n/a,0.0005,90000,4500,0,0.008565203286707401,0.00903189554810524,0.00898988638073206,367.7898791451007,386071602
231,deeponet,256,512,1,32,n/a,0.0001,90000,4500,0,0.004374176729470491,0.004537475761026144,0.0045280493795871735,517.8972813896835,440667238
232,deeponet,256,4098,1,8,n/a,5e-05,90000,4500,0,0.0216989703476429,0.021642135456204414,0.021323779597878456,723.659570411779,909120312
233,deeponet,256,4098,1,8,n/a,0.0005,90000,4500,0,0.022299237549304962,0.022247597575187683,0.02194100432097912,282.8400229765102,898948760
234,deeponet,256,256,2,8,n/a,0.0001,90000,4500,0,0.02077183686196804,0.02065930888056755,0.02032661996781826,476.1379451099783,41221191
235,deeponet,256,2048,1,16,n/a,0.0005,90000,4500,0,0.004339531064033508,0.004606182221323252,0.004608869552612305,460.95647913683206,196511792
236,deeponet,256,2048,4,32,n/a,0.0005,90000,4500,0,0.009510884061455727,0.009853165596723557,0.009827029891312122,286.81300438940525,397871460
237,deeponet,256,512,1,32,n/a,0.0005,90000,4500,0,0.003929979167878628,0.004111680202186108,0.004070256371051073,518.4193447837606,256183548
238,deeponet,256,4098,2,32,n/a,1e-05,90000,4500,0,0.001605285913683474,0.0017883850960060954,0.0017746022203937173,5969.507759867236,572192604
239,deeponet,256,1024,1,8,n/a,0.0005,90000,4500,0,0.021407241001725197,0.021346531808376312,0.021044176071882248,372.80601781979203,715957256
240,deeponet,256,4098,4,8,n/a,5e-05,90000,4500,0,0.021272342652082443,0.021231280639767647,0.02088385820388794,5031.14818160329,252851789
241,deeponet,256,2048,2,16,n/a,1e-05,90000,4500,0,0.002013563644140959,0.002212743042036891,0.002184545621275902,1893.574580842629,9451905
242,deeponet,256,4098,2,32,n/a,5e-05,90000,4500,0,0.0027084648609161377,0.0029098091181367636,0.0028887612279504538,2255.5144222797826,572793186
243,deeponet,256,2048,4,16,n/a,5e-05,90000,4500,0,0.003428763011470437,0.003739040344953537,0.003671559039503336,1207.4708376713097,97489987
244,deeponet,256,1024,1,8,n/a,0.0005,90000,4500,0,0.021426895633339882,0.021359292790293694,0.021057531237602234,338.8389800544828,197635992
245,deeponet,256,256,1,8,n/a,5e-05,90000,4500,0,0.02141386829316616,0.02133101224899292,0.02102452889084816,497.43292342778295,939915388
246,deeponet,256,2048,4,8,n/a,0.0001,90000,4500,0,0.021201791241765022,0.021158726885914803,0.020843278616666794,967.6416648151353,369046009
247,deeponet,256,256,4,8,n/a,0.0005,90000,4500,0,0.02107776515185833,0.02105305902659893,0.020748527720570564,149.29130499251187,671695556
248,deeponet,256,2048,2,16,n/a,0.0005,90000,4500,0,0.005559366196393967,0.005869010929018259,0.0058269258588552475,309.2493854155764,247588202
249,deeponet,256,1024,2,16,n/a,5e-05,90000,4500,0,0.0019456733716651797,0.0021436994429677725,0.002125980332493782,775.5848490362987,904120773
250,deeponet,256,4098,4,32,n/a,5e-05,90000,4500,0,0.0027672324795275927,0.0031313602812588215,0.0031006953213363886,5764.031888363883,933166842
251,deeponet,256,512,4,16,n/a,0.0005,90000,4500,0,0.005040742456912994,0.005702552851289511,0.005605737213045359,132.22606858145446,471887507
252,deeponet,256,256,2,16,n/a,1e-05,90000,4500,0,0.0029288900550454855,0.003135842736810446,0.003098319284617901,612.2194766653702,256674117
253,deeponet,256,4098,1,16,n/a,5e-05,90000,4500,0,0.005398822948336601,0.005658246576786041,0.005606314167380333,868.7606160566211,544357601
254,deeponet,256,4098,4,16,n/a,1e-05,90000,4500,0,0.0037633811589330435,0.00402402225881815,0.003995359875261784,5227.707158913836,624875925
255,deeponet,256,256,4,16,n/a,0.0001,90000,4500,0,0.002238757209852338,0.002489103004336357,0.002495548455044627,685.961266615428,239031836
256,deeponet,256,2048,4,16,n/a,0.0005,90000,4500,0,0.01002263929694891,0.010431543923914433,0.010441659018397331,349.0780567768961,354095263
257,deeponet,256,256,2,8,n/a,0.0001,90000,4500,0,0.020820429548621178,0.020721184089779854,0.02038625255227089,368.9289673315361,390840584
258,deeponet,256,4098,2,32,n/a,5e-05,90000,4500,0,0.0024182782508432865,0.0026269289664924145,0.002598030958324671,3082.4927519029006,602124153
259,deeponet,256,256,4,16,n/a,0.0001,90000,4500,0,0.00227067107334733,0.0025361140724271536,0.0025377976708114147,627.5715292952955,583150387
260,deeponet,256,256,1,8,n/a,5e-05,90000,4500,0,0.021331848576664925,0.021251071244478226,0.020927442237734795,505.3255150206387,878232458
261,deeponet,256,512,4,8,n/a,1e-05,90000,4500,0,0.020737778395414352,0.020632971078157425,0.02029849775135517,818.8486467599869,21644485
262,deeponet,256,1024,2,16,n/a,5e-05,90000,4500,0,0.0019481086637824774,0.002161724492907524,0.0021286136470735073,804.8104453133419,860789183
263,deeponet,256,2048,1,8,n/a,1e-05,90000,4500,0,0.021334316581487656,0.021274643018841743,0.020944250747561455,642.156621415168,726112617
264,deeponet,256,512,4,16,n/a,0.0005,90000,4500,0,0.0041956002824008465,0.005145138595253229,0.005141776520758867,313.4318038094789,603594142
265,deeponet,256,512,2,16,n/a,1e-05,90000,4500,0,0.002333177486434579,0.0025650274474173784,0.0025318211410194635,672.607759270817,18507261
266,deeponet,256,256,2,16,n/a,1e-05,90000,4500,0,0.0027174241840839386,0.002945957239717245,0.0029107220470905304,569.9007588215172,570140649
267,deeponet,256,4098,1,16,n/a,5e-05,90000,4500,0,0.005465317517518997,0.005726134404540062,0.005658081267029047,944.6051116008312,636189214
268,deeponet,256,256,2,8,n/a,0.0005,90000,4500,0,0.021141737699508667,0.02105572074651718,0.020710360258817673,182.05948030669242,61801087
269,deeponet,256,4098,1,8,n/a,5e-05,90000,4500,0,0.021568119525909424,0.02151327021420002,0.02119118720293045,803.7767347292975,240685404
270,deeponet,256,4098,4,16,n/a,1e-05,90000,4500,0,0.0030967257916927338,0.003378739580512047,0.0033366107381880283,6544.244006554596,646603371
271,deeponet,256,2048,2,16,n/a,0.0001,90000,4500,0,0.004417835734784603,0.004667211323976517,0.004658231046050787,476.2416259627789,130895328
272,deeponet,256,512,4,32,n/a,1e-05,90000,4500,0,0.001935898675583303,0.0021789728198200464,0.0021776387002319098,848.4091664869338,545573054
273,deeponet,256,512,4,8,n/a,5e-05,90000,4500,0,0.02085142768919468,0.020755523815751076,0.020427826792001724,295.7104949206114,356811789
274,deeponet,256,256,2,16,n/a,0.0005,90000,4500,0,0.0037742808926850557,0.004026549868285656,0.003996562212705612,148.58890094328672,380608579
275,deeponet,256,512,2,8,n/a,0.0005,90000,4500,0,0.020998040214180946,0.020914938300848007,0.0205994900316,130.05292613152415,958637034
276,deeponet,256,512,4,32,n/a,0.0005,90000,4500,0,0.005201814230531454,0.00578398909419775,0.005696346051990986,146.98165545240045,767673589
277,deeponet,256,1024,4,8,n/a,5e-05,90000,4500,0,0.020951800048351288,0.020863937214016914,0.020540565252304077,429.267570133321,660945007
278,deeponet,256,1024,2,16,n/a,0.0005,90000,4500,0,0.003702205140143633,0.003923770040273666,0.003928755410015583,212.11450423579663,115193575
279,deeponet,256,2048,1,16,n/a,0.0005,90000,4500,0,0.0048561072908341885,0.005115734878927469,0.005119355395436287,380.90898999013007,503144078
280,deeponet,256,512,1,8,n/a,0.0001,90000,4500,0,0.021243812516331673,0.02116931416094303,0.020836209878325462,390.30522581748664,111876408
281,deeponet,256,256,4,8,n/a,1e-05,90000,4500,0,0.020763082429766655,0.020651398226618767,0.020317062735557556,602.9009386375546,655737477
282,deeponet,256,2048,1,32,n/a,5e-05,90000,4500,0,0.0046905879862606525,0.0049179187044501305,0.004896555561572313,702.3949111914262,675860949
283,deeponet,256,256,1,32,n/a,1e-05,90000,4500,0,0.00785937998443842,0.008041780441999435,0.008076057769358158,528.4171034134924,261226112
284,deeponet,256,512,2,16,n/a,0.0005,90000,4500,0,0.005232375115156174,0.005495980381965637,0.005402685608714819,125.68332840036601,734712907
285,deeponet,256,256,4,8,n/a,5e-05,90000,4500,0,0.02073998749256134,0.020630570128560066,0.020299291238188744,536.2395970169455,737631848
286,deeponet,256,4098,2,32,n/a,0.0001,90000,4500,0,0.004301393870264292,0.004521131049841642,0.004469483159482479,1388.6407605679706,878599234
287,deeponet,256,512,4,8,n/a,1e-05,90000,4500,0,0.020728085190057755,0.020615151152014732,0.020282654091715813,822.7196372617036,423341215
288,deeponet,256,1024,4,16,n/a,1e-05,90000,4500,0,0.0017247666837647557,0.0019911369308829308,0.001976299099624157,1381.1739641195163,169502568
289,deeponet,256,2048,1,8,n/a,1e-05,90000,4500,0,0.021376412361860275,0.02132413163781166,0.020996101200580597,666.5967433769256,917078243
290,deeponet,256,1024,4,32,n/a,1e-05,90000,4500,0,0.0015706891426816583,0.0018419253174215555,0.0018258289201185107,1653.8571594161913,669610283
291,deeponet,256,256,2,8,n/a,0.0005,90000,4500,0,0.021057788282632828,0.02097717858850956,0.0206501055508852,135.76891080476344,455077943
292,deeponet,256,4098,1,8,n/a,5e-05,90000,4500,0,0.021471843123435974,0.021412987262010574,0.02108711563050747,895.4544644644484,42918334
293,deeponet,256,2048,2,16,n/a,0.0001,90000,4500,0,0.0037906798534095287,0.004038577433675528,0.003990622702986002,552.4101939238608,734098591
294,deeponet,256,512,4,32,n/a,1e-05,90000,4500,0,0.0019687244202941656,0.00224218238145113,0.002217361470684409,850.9157538134605,340263212
295,deeponet,256,512,2,8,n/a,0.0005,90000,4500,0,0.020893992856144905,0.02080225944519043,0.02048894390463829,213.73878839891404,94852949
296,deeponet,256,1024,2,8,n/a,0.0005,90000,4500,0,0.021167952567338943,0.021112246438860893,0.020787741988897324,216.42439603526145,430324495
297,deeponet,256,512,4,8,n/a,5e-05,90000,4500,0,0.02078085206449032,0.020681889727711678,0.0203517097979784,401.37970867566764,672822105
298,deeponet,256,512,4,32,n/a,0.0005,90000,4500,0,0.004176011774688959,0.004917923826724291,0.00486781494691968,269.9267011946067,772330849
299,deeponet,256,1024,2,16,n/a,0.0005,90000,4500,0,0.006858505308628082,0.0071069831028580666,0.007019398268312216,108.19326848164201,368271705
300,deeponet,256,2048,1,16,n/a,0.0005,90000,4500,0,0.004749786574393511,0.0050343964248895645,0.005004345439374447,399.3947919094935,973959599
301,deeponet,256,256,1,16,n/a,5e-05,90000,4500,0,0.005466632079333067,0.00564913684502244,0.005583586171269417,408.34553179796785,535623166
302,deeponet,256,512,1,8,n/a,0.0001,90000,4500,0,0.02125375345349312,0.021180124953389168,0.020852699875831604,413.15737650264055,65335547
303,deeponet,256,1024,2,16,n/a,1e-05,90000,4500,0,0.0020358464680612087,0.0022323557641357183,0.002208263147622347,956.9062305567786,833624828
304,deeponet,256,256,4,8,n/a,1e-05,90000,4500,0,0.02075134962797165,0.020645223557949066,0.0203110259026289,688.0417591137812,665420742
305,deeponet,256,512,2,16,n/a,0.0005,90000,4500,0,0.004142788238823414,0.0043515292927622795,0.00433195848017931,191.0168723706156,424389142
306,deeponet,256,256,4,8,n/a,5e-05,90000,4500,0,0.02076191082596779,0.02065758779644966,0.020322727039456367,530.250610855408,760933418
307,deeponet,256,1024,1,32,n/a,5e-05,90000,4500,0,0.004225853830575943,0.004413182847201824,0.004421727731823921,591.3162326253951,696751790
308,deeponet,256,4098,2,32,n/a,0.0001,90000,4500,0,0.003436874598264694,0.0036459332332015038,0.0036200450267642736,1996.4873597025871,424900955
309,deeponet,256,256,2,16,n/a,0.0005,90000,4500,0,0.003152363235130906,0.0034195687621831894,0.003388503100723028,229.1675757020712,271299952
310,deeponet,256,1024,4,16,n/a,5e-05,90000,4500,0,0.0021307598799467087,0.0024225767701864243,0.00240859342738986,894.4777749069035,729252784
311,deeponet,256,1024,1,32,n/a,0.0001,90000,4500,0,0.004316737409681082,0.004514324478805065,0.004505349323153496,581.4786403402686,110808173
312,deeponet,256,2048,4,16,n/a,0.0001,90000,4500,0,0.003702708287164569,0.004106085281819105,0.0040595876052975655,1188.2006263351068,628273093
313,deeponet,256,512,2,8,n/a,0.0005,90000,4500,0,0.021983593702316284,0.02194472774863243,0.02158983424305916,120.9660365274176,463857107
314,deeponet,256,256,1,16,n/a,5e-05,90000,4500,0,0.0056803287006914616,0.005830254405736923,0.0058081867173314095,513.1333795962855,680203515
315,deeponet,256,1024,1,32,n/a,5e-05,90000,4500,0,0.004460473079234362,0.004667345900088549,0.004667362663894892,446.48790738452226,139298430
316,deeponet,256,512,1,16,n/a,5e-05,90000,4500,0,0.005047637969255447,0.005247307475656271,0.005214680451899767,383.8310026805848,265560124
317,deeponet,256,512,2,32,n/a,0.0001,90000,4500,0,0.00171626266092062,0.0018884404562413692,0.0018807302694767714,498.84699499141425,790920650
318,deeponet,256,256,2,16,n/a,0.0005,90000,4500,0,0.003495447337627411,0.00375376851297915,0.0037083677016198635,177.54947390314192,836965905
319,deeponet,256,1024,4,16,n/a,5e-05,90000,4500,0,0.0028670409228652716,0.0031779261771589518,0.0031337025575339794,530.8050569389015,614875483
320,deeponet,256,4098,1,16,n/a,0.0001,90000,4500,0,0.005228535737842321,0.005442417226731777,0.005406286101788282,801.683917584829,490995348
321,deeponet,256,1024,1,32,n/a,0.0001,90000,4500,0,0.004100645426660776,0.004312653094530106,0.00426906393840909,442.28885494638234,957913708
322,deeponet,256,4098,1,16,n/a,0.0001,90000,4500,0,0.006218391004949808,0.006470040418207645,0.0064423829317092896,735.0641640713438,23314416
323,deeponet,256,1024,4,8,n/a,0.0001,90000,4500,0,0.021044811233878136,0.020980361849069595,0.020657993853092194,433.78564018849283,495155348
324,deeponet,256,4098,4,16,n/a,0.0005,90000,4500,0,0.012787397019565105,0.01304162573069334,0.012976394966244698,1146.0659291725606,943735340
325,deeponet,256,4098,4,16,n/a,0.0005,90000,4500,0,0.012202751822769642,0.01247512735426426,0.012477153912186623,1099.353240069002,754143551
326,deeponet,256,256,1,32,n/a,0.0005,90000,4500,0,0.003596027847379446,0.0037016859278082848,0.003682435257360339,470.3128409581259,929670417
327,deeponet,256,4098,4,8,n/a,5e-05,90000,4500,0,0.02136165089905262,0.0213366337120533,0.02101633884012699,3557.320807958953,646777065
328,deeponet,256,1024,4,32,n/a,1e-05,90000,4500,0,0.001592477085068822,0.00186296331230551,0.0018462772713974118,1643.6667713392526,405521129
329,deeponet,256,256,4,32,n/a,0.0001,90000,4500,0,0.0022037418093532324,0.002459031529724598,0.0024332862813025713,696.432297709398,917164541
330,deeponet,256,1024,4,32,n/a,1e-05,90000,4500,0,0.0015708552673459053,0.0018442011205479503,0.0018383164424449205,1572.3643826115876,249123768
331,deeponet,256,2048,1,32,n/a,1e-05,90000,4500,0,0.0053529622964560986,0.005627829115837812,0.005609273444861174,609.3449391014874,781847060
332,deeponet,256,2048,2,32,n/a,0.0001,90000,4500,0,0.002951985690742731,0.003142649307847023,0.0031087405513972044,647.7065556580201,759584057
333,deeponet,256,1024,1,16,n/a,1e-05,90000,4500,0,0.005920276045799255,0.0061647226102650166,0.006122010760009289,476.73996556177735,560472998
334,deeponet,256,256,2,16,n/a,0.0001,90000,4500,0,0.002374502131715417,0.002570720389485359,0.0025611810851842165,466.1774683855474,448735303
335,deeponet,256,2048,2,8,n/a,1e-05,90000,4500,0,0.0207591000944376,0.02064472623169422,0.02031038887798786,1877.7685799458995,423980491
336,deeponet,256,2048,1,32,n/a,1e-05,90000,4500,0,0.005303226411342621,0.0056041451171040535,0.005560311023145914,682.0974932685494,416948312
337,deeponet,256,4098,2,8,n/a,5e-05,90000,4500,0,0.02113618329167366,0.02107005938887596,0.020747466012835503,2003.554943925701,607280124
338,deeponet,256,1024,2,16,n/a,1e-05,90000,4500,0,0.0020213965326547623,0.0022179551888257265,0.002204570220783353,893.731641237624,291065544
339,deeponet,256,512,2,8,n/a,5e-05,90000,4500,0,0.02076154202222824,0.02065020054578781,0.020316828042268753,570.990560496226,208538714
340,deeponet,256,256,1,8,n/a,0.0005,90000,4500,0,0.021638939157128334,0.021564727649092674,0.021247992292046547,245.86441321112216,47093979
341,deeponet,256,256,1,32,n/a,0.0005,90000,4500,0,0.003903731005266309,0.004037307575345039,0.004035718739032745,466.78518240433186,978026078
342,deeponet,256,2048,2,32,n/a,0.0001,90000,4500,0,0.0030130723025649786,0.003192818956449628,0.0031649062875658274,683.8350320858881,492541452
343,deeponet,256,1024,1,16,n/a,0.0005,90000,4500,0,0.005372142884880304,0.005664832424372435,0.005599962081760168,361.74302542209625,639497270
344,deeponet,256,256,2,16,n/a,0.0001,90000,4500,0,0.002504059812054038,0.0027259255293756723,0.0027034205850213766,566.4206340732053,465777624
345,deeponet,256,2048,2,8,n/a,5e-05,90000,4500,0,0.020999163389205933,0.020914489403367043,0.020580777898430824,691.1699286969379,471181660
346,deeponet,256,2048,4,16,n/a,5e-05,90000,4500,0,0.0027902310248464346,0.0031354420352727175,0.003114997874945402,1459.059154712595,358216572
347,deeponet,256,512,2,8,n/a,0.0001,90000,4500,0,0.020812952890992165,0.02071104757487774,0.020381171256303787,326.1004924289882,530814290
348,deeponet,256,256,1,8,n/a,0.0001,90000,4500,0,0.02127241902053356,0.02119160257279873,0.020860811695456505,407.89699517190456,681617320
349,deeponet,256,512,2,32,n/a,0.0005,90000,4500,0,0.003805894171819091,0.004049577750265598,0.004001936409622431,121.66338857915252,862943399
350,deeponet,256,1024,1,16,n/a,0.0001,90000,4500,0,0.004804099444299936,0.0050295996479690075,0.0050155995413661,482.6634010663256,558791005
351,deeponet,256,2048,1,16,n/a,0.0001,90000,4500,0,0.005329057574272156,0.005576265975832939,0.005524915177375078,681.0150231663138,861515305
352,deeponet,256,1024,2,8,n/a,1e-05,90000,4500,0,0.020748864859342575,0.020636821165680885,0.02030216157436371,929.4830094082281,488757198
353,deeponet,256,256,4,16,n/a,1e-05,90000,4500,0,0.002654271898791194,0.002936403499916196,0.0029042114038020372,563.9424562929198,769779113
354,deeponet,256,2048,2,8,n/a,1e-05,90000,4500,0,0.020755289122462273,0.02063879184424877,0.020307952538132668,1849.0459978096187,119565343
355,deeponet,256,1024,4,16,n/a,0.0001,90000,4500,0,0.0034052582923322916,0.0037288707681000233,0.003716561244800687,379.331756352447,31013426
356,deeponet,256,1024,2,32,n/a,5e-05,90000,4500,0,0.0015227599069476128,0.0017056448850780725,0.001699464162811637,911.5861113015562,326949725
357,deeponet,256,1024,4,32,n/a,0.0001,90000,4500,0,0.002590009942650795,0.0029728971421718597,0.002965887077152729,626.9753716206178,994435584
358,deeponet,256,2048,1,16,n/a,5e-05,90000,4500,0,0.005280027631670237,0.005505798384547234,0.0054993946105241776,575.054472303018,356331390
359,deeponet,256,256,1,16,n/a,0.0005,90000,4500,0,0.0046120937913656235,0.004756371024996042,0.004720066208392382,320.4456310039386,464996942
360,deeponet,256,1024,2,16,n/a,1e-05,90000,4500,0,0.002067668829113245,0.0022704852744936943,0.002274229424074292,904.6878254553303,926736296
361,deeponet,256,256,2,32,n/a,0.0001,90000,4500,0,0.0019539298955351114,0.0021096384152770042,0.002103073988109827,493.1293799346313,311923871
362,deeponet,256,1024,4,8,n/a,0.0005,90000,4500,0,0.022807054221630096,0.022870447486639023,0.022554758936166763,165.3908094279468,163426959
363,deeponet,256,2048,2,16,n/a,0.0005,90000,4500,0,0.006820364389568567,0.007136059459298849,0.0070560951717197895,223.0382768139243,380349585
364,deeponet,256,4098,4,32,n/a,5e-05,90000,4500,0,0.0034115612506866455,0.0037353571970015764,0.00370732881128788,3498.0533642871305,889104514
365,deeponet,256,1024,4,8,n/a,0.0001,90000,4500,0,0.02108384296298027,0.021022943779826164,0.020702369511127472,440.37203324306756,879658994
366,deeponet,256,512,2,8,n/a,5e-05,90000,4500,0,0.02076578512787819,0.020654452964663506,0.020321086049079895,568.2251241179183,79919847
367,deeponet,256,1024,1,16,n/a,1e-05,90000,4500,0,0.005922362208366394,0.006194061134010553,0.0061529758386313915,559.2372826570645,427426443
368,deeponet,256,512,2,8,n/a,1e-05,90000,4500,0,0.02077168971300125,0.02066189795732498,0.02032267302274704,657.153028793633,483534242
369,deeponet,256,256,1,8,n/a,0.0005,90000,4500,0,0.02128889225423336,0.021195625886321068,0.020880183205008507,360.868835744448,399184827
370,deeponet,256,2048,1,32,n/a,0.0001,90000,4500,0,0.004607758484780788,0.004825584590435028,0.004822325427085161,689.8312897458673,589919545
371,deeponet,256,2048,4,8,n/a,1e-05,90000,4500,0,0.020841127261519432,0.020741261541843414,0.02041306346654892,2486.7726777838543,702000082
372,deeponet,256,2048,2,32,n/a,5e-05,90000,4500,0,0.0016787471249699593,0.0018523361068218946,0.0018511119997128844,1649.4287928221747,55293643
373,deeponet,256,512,4,16,n/a,1e-05,90000,4500,0,0.00204007257707417,0.002319419290870428,0.0023060343228280544,875.159763998352,637903019
374,deeponet,256,2048,1,16,n/a,1e-05,90000,4500,0,0.00532617699354887,0.005585279315710068,0.00554343918338418,690.0367102418095,131681923
375,deeponet,256,256,1,8,n/a,1e-05,90000,4500,0,0.021835649386048317,0.021762367337942123,0.021470537409186363,431.2534030582756,284433167
376,deeponet,256,256,1,32,n/a,0.0005,90000,4500,0,0.0037436645943671465,0.0038974739145487547,0.003866733517497778,357.849453647621,268425734
377,deeponet,256,2048,4,8,n/a,0.0005,90000,4500,0,0.023503240197896957,0.02356986328959465,0.02326456643640995,398.45625555422157,184157103
378,deeponet,256,256,4,8,n/a,1e-05,90000,4500,0,0.020759209990501404,0.020656690001487732,0.020321158692240715,549.5362444045022,769131326
379,deeponet,256,256,2,8,n/a,1e-05,90000,4500,0,0.020809533074498177,0.020701177418231964,0.02036982960999012,462.7434152215719,368307300
380,deeponet,256,1024,1,16,n/a,0.0005,90000,4500,0,0.00704918010160327,0.007308404892683029,0.007300992496311665,179.86462751124054,475877899
381,deeponet,256,2048,2,8,n/a,5e-05,90000,4500,0,0.02089592069387436,0.02080531232059002,0.020468998700380325,840.8552528321743,390190795
382,deeponet,256,512,1,32,n/a,1e-05,90000,4500,0,0.00644649425521493,0.006628789473325014,0.006642231717705727,485.44373093824834,549372760
383,deeponet,256,4098,4,32,n/a,0.0001,90000,4500,0,0.0032082172110676765,0.003654410131275654,0.003626965219154954,3412.608801729046,153788906
384,deeponet,256,2048,4,16,n/a,0.0005,90000,4500,0,0.013193986378610134,0.013544405810534954,0.013443639501929283,280.29751414526254,429993956
385,deeponet,256,2048,1,8,n/a,0.0001,90000,4500,0,0.021539263427257538,0.021478017792105675,0.02114797756075859,518.2172919586301,854883121
386,deeponet,256,2048,2,16,n/a,0.0001,90000,4500,0,0.004201788455247879,0.004443399608135223,0.004389042500406504,462.64606910478324,89285534
387,deeponet,256,256,2,8,n/a,5e-05,90000,4500,0,0.020780885592103004,0.020670229569077492,0.02033419720828533,447.71806447580457,903878001
388,deeponet,256,512,2,8,n/a,0.0001,90000,4500,0,0.020823100581765175,0.020721185952425003,0.020386043936014175,361.5318223433569,795851483
389,deeponet,256,512,2,32,n/a,0.0005,90000,4500,0,0.004053618758916855,0.004272268153727055,0.004217902664095163,153.0748828984797,302863462
390,deeponet,256,1024,1,16,n/a,0.0001,90000,4500,0,0.004993288777768612,0.005198060534894466,0.005177479702979326,456.91732656303793,850357753
391,deeponet,256,1024,2,8,n/a,1e-05,90000,4500,0,0.02074766717851162,0.020629270002245903,0.020297951996326447,840.67620679643,977304151
392,deeponet,256,4098,2,32,n/a,1e-05,90000,4500,0,0.001591967768035829,0.001767776207998395,0.001758046098984778,6001.660656253807,43966111
393,deeponet,256,2048,4,32,n/a,5e-05,90000,4500,0,0.002378715667873621,0.002710948931053281,0.002677668584510684,1784.0389823559672,920120790
394,deeponet,256,4098,1,32,n/a,0.0001,90000,4500,0,0.004637334495782852,0.0048867580480873585,0.004873949568718672,919.2044086940587,743332686
395,deeponet,256,256,2,8,n/a,0.0001,90000,4500,0,0.020772051066160202,0.020661965012550354,0.020325958728790283,412.5089397728443,110706534
396,deeponet,256,256,4,16,n/a,1e-05,90000,4500,0,0.0026272085960954428,0.0029041487723588943,0.0028843777254223824,710.3406391516328,692085468
397,deeponet,256,1024,4,16,n/a,0.0001,90000,4500,0,0.004136525094509125,0.0044602882117033005,0.004401518031954765,322.1535102520138,689047180
398,deeponet,256,2048,1,8,n/a,1e-05,90000,4500,0,0.021363524720072746,0.02131098508834839,0.020988602191209793,660.6953490842134,266176334
399,deeponet,256,4098,4,16,n/a,0.0005,90000,4500,0,0.014734468422830105,0.015055963769555092,0.015022476203739643,1031.926620383747,296922482
400,deeponet,256,1024,2,32,n/a,5e-05,90000,4500,0,0.0015190200647339225,0.0016970400465652347,0.0016755698015913367,834.6334499474615,522174807
401,deeponet,256,512,1,8,n/a,5e-05,90000,4500,0,0.021424265578389168,0.0213581845164299,0.021030688658356667,411.66028989944607,26331931
402,deeponet,256,4098,4,32,n/a,0.0005,90000,4500,0,0.016529561951756477,0.016725677996873856,0.016632718965411186,963.0204596621916,968487383
403,deeponet,256,1024,4,32,n/a,0.0001,90000,4500,0,0.0025424915365874767,0.002943960716947913,0.002915860153734684,626.0593128213659,948540758
404,deeponet,256,256,1,16,n/a,0.0005,90000,4500,0,0.00545564666390419,0.005635789129883051,0.005626808386296034,302.7242048755288,574943521
405,deeponet,256,1024,2,32,n/a,1e-05,90000,4500,0,0.001679428038187325,0.0018505036132410169,0.0018393236678093672,899.604874888435,41899317
406,deeponet,256,4098,2,32,n/a,5e-05,90000,4500,0,0.002556646941229701,0.002755578374490142,0.0027499396819621325,2375.819938411005,721742856
407,deeponet,256,256,2,8,n/a,0.0005,90000,4500,0,0.02102162130177021,0.02093549817800522,0.020617764443159103,205.96101561002433,582699557
408,deeponet,256,256,2,32,n/a,0.0001,90000,4500,0,0.0019215610809624195,0.0020918960217386484,0.002070837887004018,485.5707168886438,271085731
409,deeponet,256,1024,4,8,n/a,0.0005,90000,4500,0,0.02290724404156208,0.022962108254432678,0.02268027700483799,143.79107281006873,402827541
410,deeponet,256,4098,2,8,n/a,5e-05,90000,4500,0,0.020988108590245247,0.02091861516237259,0.020587977021932602,2356.51621087268,947800721
411,deeponet,256,512,2,32,n/a,0.0001,90000,4500,0,0.0016679131658747792,0.0018525905907154083,0.0018250294961035252,611.1763876220211,817586996
412,deeponet,256,1024,2,8,n/a,0.0005,90000,4500,0,0.021412357687950134,0.021368205547332764,0.021039698272943497,169.55487023107708,637114277
413,deeponet,256,256,2,32,n/a,0.0005,90000,4500,0,0.0027367672882974148,0.0029560942202806473,0.0029269629158079624,223.1909651365131,854049088
414,deeponet,256,512,1,16,n/a,1e-05,90000,4500,0,0.006432203110307455,0.006664253305643797,0.006628355477005243,473.93974670767784,847239941
415,deeponet,256,256,1,8,n/a,5e-05,90000,4500,0,0.021395493298768997,0.02132435142993927,0.020995205268263817,382.4956896835938,840683328
416,deeponet,256,256,2,16,n/a,0.0001,90000,4500,0,0.0023886014241725206,0.002611075295135379,0.0025643049739301205,433.7677182145417,975321814
417,deeponet,256,512,2,16,n/a,0.0001,90000,4500,0,0.002286924049258232,0.0024978897999972105,0.0024831630289554596,497.9370816722512,801721658
418,deeponet,256,512,2,8,n/a,1e-05,90000,4500,0,0.02076704241335392,0.020653927698731422,0.020323030650615692,523.6055595763028,227579335
419,deeponet,256,1024,1,32,n/a,0.0005,90000,4500,0,0.005361035466194153,0.0055579193867743015,0.005506996065378189,276.51095947343856,285291493
420,deeponet,256,2048,2,32,n/a,5e-05,90000,4500,0,0.0015996232395991683,0.001764174783602357,0.0017616640543565154,1736.5420339973643,936038817
421,deeponet,256,4098,4,32,n/a,0.0001,90000,4500,0,0.005714209750294685,0.006064942572265863,0.0060369884595274925,2227.827802387066,693087887
422,deeponet,256,2048,2,32,n/a,0.0001,90000,4500,0,0.0028199623338878155,0.0030133735854178667,0.0029917326755821705,634.5802515251562,101433436
423,deeponet,256,4098,4,8,n/a,0.0005,90000,4500,0,0.05197955295443535,0.06118318811058998,0.0607619471848011,2114.940052437596,175015840
424,deeponet,256,2048,4,8,n/a,0.0005,90000,4500,0,0.026000438258051872,0.026024559512734413,0.025786833837628365,395.60391833167523,250495789
425,deeponet,256,256,2,8,n/a,1e-05,90000,4500,0,0.02083500660955906,0.02073112688958645,0.02040651999413967,595.8577013155445,745449973
426,deeponet,256,512,4,16,n/a,0.0005,90000,4500,0,0.005338520277291536,0.00596471456810832,0.005863792262971401,130.32777865231037,904801983
427,deeponet,256,512,1,8,n/a,5e-05,90000,4500,0,0.02130763605237007,0.021232157945632935,0.020909683778882027,516.7225225605071,263590445
428,deeponet,256,256,4,32,n/a,1e-05,90000,4500,0,0.0025333708617836237,0.002802198985591531,0.0027953414246439934,596.372311768122,266780583
429,deeponet,256,4098,1,16,n/a,0.0001,90000,4500,0,0.005677626933902502,0.00593035202473402,0.005899225361645222,800.0297823315486,98665919
430,deeponet,256,256,1,8,n/a,0.0005,90000,4500,0,0.021750558167696,0.021675046533346176,0.02139437571167946,224.19725232571363,215330648
431,deeponet,256,256,2,32,n/a,0.0001,90000,4500,0,0.0020787962712347507,0.002268165349960327,0.002237484557554126,535.066322802566,50127632
432,deeponet,256,2048,2,8,n/a,0.0001,90000,4500,0,0.020865898579359055,0.020780878141522408,0.02044527232646942,882.8711157953367,15957743
433,deeponet,256,512,1,16,n/a,0.0001,90000,4500,0,0.00461345911026001,0.004794813692569733,0.00479517737403512,390.1462148921564,633264634
434,deeponet,256,256,2,16,n/a,1e-05,90000,4500,0,0.0027800160460174084,0.0029748661909252405,0.0029656251426786184,436.8947896109894,308503252
435,deeponet,256,1024,2,32,n/a,1e-05,90000,4500,0,0.001685942173935473,0.0018585093785077333,0.0018516607815399766,827.5099649410695,248249052
436,deeponet,256,256,2,16,n/a,5e-05,90000,4500,0,0.0024353729095309973,0.00265336106531322,0.002625190420076251,588.4410799145699,96510172
437,deeponet,256,256,2,32,n/a,0.0005,90000,4500,0,0.0030488709453493357,0.0032828350085765123,0.003253808245062828,229.6371086826548,175157941
438,deeponet,256,4098,4,8,n/a,0.0001,90000,4500,0,0.02186185121536255,0.02190590836107731,0.021568967029452324,2372.6889794366434,597637653
439,deeponet,256,2048,1,16,n/a,1e-05,90000,4500,0,0.00533079681918025,0.005591659341007471,0.005539918318390846,691.8995868545026,318952654
440,deeponet,256,256,2,32,n/a,1e-05,90000,4500,0,0.0022350430954247713,0.002415828173980117,0.0024009509943425655,521.8790150731802,854339465
441,deeponet,256,4098,1,16,n/a,5e-05,90000,4500,0,0.005484063643962145,0.005726673174649477,0.005720991641283035,723.3290596865118,452614062
442,deeponet,256,1024,1,16,n/a,0.0005,90000,4500,0,0.0052702585235238075,0.005496919620782137,0.005473885219544172,409.7317958334461,691495244
443,deeponet,256,1024,1,32,n/a,0.0001,90000,4500,0,0.004325753543525934,0.004522826988250017,0.004527457058429718,576.5463534994051,895549238
444,deeponet,256,1024,4,16,n/a,0.0005,90000,4500,0,0.006685101427137852,0.007142981048673391,0.007105087395757437,249.56216696556658,747727262
445,deeponet,256,2048,4,32,n/a,0.0005,90000,4500,0,0.012491215951740742,0.012788445688784122,0.012645474635064602,300.91257630940527,557933661
446,deeponet,256,512,4,32,n/a,0.0005,90000,4500,0,0.00492407800629735,0.0055900695733726025,0.0055438741110265255,179.31492447573692,153433643
447,deeponet,256,256,1,32,n/a,1e-05,90000,4500,0,0.00805406179279089,0.008223362267017365,0.008254420943558216,418.5602688966319,121839279
448,deeponet,256,2048,1,16,n/a,0.0001,90000,4500,0,0.00509926350787282,0.0053427862003445625,0.005310526117682457,588.503727728501,606171365
449,deeponet,256,512,4,32,n/a,0.0001,90000,4500,0,0.0019819997251033783,0.002290415810421109,0.0022829328663647175,675.2615267951041,197649993
450,deeponet,256,256,4,16,n/a,5e-05,90000,4500,0,0.002407485619187355,0.002673549111932516,0.002651233458891511,584.9485691497102,855041986
451,deeponet,256,512,1,16,n/a,0.0001,90000,4500,0,0.004872209392488003,0.0050855218432843685,0.005026333965361118,464.86138588469476,356680324
452,deeponet,256,512,2,8,n/a,0.0001,90000,4500,0,0.020883280783891678,0.020791800692677498,0.020465387031435966,205.61177916638553,644530910
453,deeponet,256,2048,1,32,n/a,0.0005,90000,4500,0,0.007736990228295326,0.007908654399216175,0.007907095365226269,231.33551914151758,593798152
454,deeponet,256,2048,2,16,n/a,5e-05,90000,4500,0,0.0026860840152949095,0.0028931277338415384,0.002874938538298011,1078.6900417068973,759474349
455,deeponet,256,4098,2,8,n/a,1e-05,90000,4500,0,0.020786186680197716,0.020677555352449417,0.02034742943942547,5281.313364719972,932043690
456,deeponet,256,4098,4,8,n/a,1e-05,90000,4500,0,0.021051686257123947,0.020970690995454788,0.02064480632543564,5862.258510794491,992872432
457,deeponet,256,4098,2,32,n/a,0.0001,90000,4500,0,0.0037792320363223553,0.00398755818605423,0.003951708786189556,1874.7579024769366,548526034
458,deeponet,256,2048,2,16,n/a,5e-05,90000,4500,0,0.0026688838843256235,0.0029136070515960455,0.0028579223435372114,1064.2115869540721,234474794
459,deeponet,256,1024,4,16,n/a,5e-05,90000,4500,0,0.00277215545065701,0.0030838497914373875,0.003047426464036107,608.4907020581886,454071053
460,deeponet,256,512,4,32,n/a,1e-05,90000,4500,0,0.0019480001647025347,0.002225016476586461,0.0021948833018541336,898.1943931682035,68501289
461,deeponet,256,1024,2,32,n/a,0.0001,90000,4500,0,0.0018447901820763946,0.00203149626031518,0.002014694269746542,682.221271071583,411101402
462,deeponet,256,256,4,32,n/a,0.0001,90000,4500,0,0.0021601724438369274,0.0024133927654474974,0.0024017589166760445,600.3769450429827,562435494
463,deeponet,256,512,2,16,n/a,0.0005,90000,4500,0,0.005079242400825024,0.005331364925950766,0.005254281219094992,77.03894458618015,856462082
464,deeponet,256,2048,4,32,n/a,0.0001,90000,4500,0,0.003963930066674948,0.0043353671208024025,0.004264339804649353,731.7308074049652,414375997
465,deeponet,256,1024,4,16,n/a,0.0005,90000,4500,0,0.008411858230829239,0.008816358633339405,0.008771264925599098,207.97709682397544,956062368
466,deeponet,256,2048,4,8,n/a,1e-05,90000,4500,0,0.020858271047472954,0.02076268196105957,0.020427117124199867,1967.129365535453,281371678
467,deeponet,256,1024,2,8,n/a,0.0001,90000,4500,0,0.021021941676735878,0.020936813205480576,0.02060912735760212,235.25017758831382,363149983
468,deeponet,256,4098,1,32,n/a,1e-05,90000,4500,0,0.005137395579367876,0.0054197413846850395,0.005389805883169174,845.5976433958858,365773819
469,deeponet,256,512,4,8,n/a,0.0005,90000,4500,0,0.021360239014029503,0.0213665459305048,0.0210499856621027,115.08311692159623,796620949
470,deeponet,256,2048,2,8,n/a,5e-05,90000,4500,0,0.021005095914006233,0.02093060500919819,0.02059823088347912,554.8238010825589,783516330
471,deeponet,256,512,2,32,n/a,5e-05,90000,4500,0,0.0017216537380591035,0.001900225761346519,0.001890006591565907,482.03445267956704,262563028
472,deeponet,256,2048,4,16,n/a,0.0001,90000,4500,0,0.004314241465181112,0.004728924483060837,0.00468784011900425,762.075979385525,888025095
473,deeponet,256,512,1,16,n/a,1e-05,90000,4500,0,0.0064202891662716866,0.0066474140621721745,0.006600957363843918,410.13043741323054,493744681
474,deeponet,256,2048,1,16,n/a,5e-05,90000,4500,0,0.0052889492362737656,0.005543762817978859,0.005518808960914612,501.87162829376757,724302382
475,deeponet,256,256,2,32,n/a,5e-05,90000,4500,0,0.002035267651081085,0.0021974260453134775,0.002182172844186425,426.40040679834783,79933464
476,deeponet,256,2048,2,32,n/a,0.0005,90000,4500,0,0.008658889681100845,0.008817006833851337,0.008747180923819542,184.51722326595336,340748818
477,deeponet,256,1024,4,32,n/a,0.0005,90000,4500,0,0.007346956990659237,0.007983798161149025,0.007847726345062256,203.11810878105462,193166849
478,deeponet,256,256,1,16,n/a,5e-05,90000,4500,0,0.005401630885899067,0.005583121441304684,0.005532491486519575,389.79117055702955,189357371
479,deeponet,256,256,1,16,n/a,0.0005,90000,4500,0,0.00465632788836956,0.004815161228179932,0.004798097535967827,322.52184208482504,130209928
480,deeponet,256,4098,1,8,n/a,1e-05,90000,4500,0,0.021385569125413895,0.021336756646633148,0.02101704478263855,768.3580749705434,897249886
481,deeponet,256,256,2,16,n/a,5e-05,90000,4500,0,0.002419181866571307,0.002623260486871004,0.00259571336209774,424.7964312238619,97374617
482,deeponet,256,2048,2,32,n/a,0.0005,90000,4500,0,0.004639958497136831,0.0048977285623550415,0.004864990711212158,308.2518944228068,703859716
483,deeponet,256,1024,1,8,n/a,5e-05,90000,4500,0,0.021295467391610146,0.02123989164829254,0.020915286615490913,405.9990575546399,354681696
484,deeponet,256,256,2,32,n/a,1e-05,90000,4500,0,0.002300780499354005,0.0024707571137696505,0.0024621912743896246,440.9283359730616,505000634
485,deeponet,256,512,2,16,n/a,0.0001,90000,4500,0,0.0020688697695732117,0.0022752091754227877,0.002262489404529333,443.6762861693278,903703496
486,deeponet,256,4098,2,32,n/a,0.0005,90000,4500,0,0.0074974060989916325,0.007762139663100243,0.007694961037486792,544.7897752551362,663407274
487,deeponet,256,1024,2,32,n/a,0.0005,90000,4500,0,0.005634318105876446,0.005819634534418583,0.005764066707342863,109.54157356545329,176480567
488,deeponet,256,1024,2,32,n/a,0.0005,90000,4500,0,0.005821173544973135,0.0060354615561664104,0.005936056841164827,178.67433184944093,904160026
489,deeponet,256,2048,4,32,n/a,0.0001,90000,4500,0,0.002826281590387225,0.0032364227809011936,0.0032229372300207615,1000.2797961598262,30549135
490,deeponet,256,1024,2,8,n/a,5e-05,90000,4500,0,0.020811619237065315,0.02071203663945198,0.020374352112412453,431.46616389695555,728623291
491,deeponet,256,1024,4,32,n/a,0.0005,90000,4500,0,0.006757172290235758,0.007401099428534508,0.007344847545027733,194.7899562343955,304640657
492,deeponet,256,512,1,32,n/a,0.0001,90000,4500,0,0.004188924562186003,0.00436323881149292,0.004326411988586187,386.90147881023586,166591755
493,deeponet,256,2048,1,8,n/a,0.0001,90000,4500,0,0.02168290689587593,0.021630579605698586,0.021308423951268196,318.4859142322093,168800058
494,deeponet,256,4098,2,16,n/a,0.0005,90000,4500,0,0.007793636526912451,0.00808128621429205,0.008040199987590313,577.9431775808334,893900290
495,deeponet,256,4098,1,32,n/a,0.0005,90000,4500,0,0.006605089642107487,0.006889489479362965,0.006837916094809771,242.88152431417257,123588932
496,deeponet,256,2048,1,8,n/a,0.0005,90000,4500,0,0.021545398980379105,0.021484648808836937,0.02119515649974346,283.1355608291924,605555416
497,deeponet,256,1024,4,16,n/a,0.0001,90000,4500,0,0.004106755368411541,0.004426325671374798,0.004342559725046158,339.9913076395169,363026152
498,deeponet,256,4098,1,32,n/a,0.0001,90000,4500,0,0.004748781677335501,0.004977161530405283,0.004966077860444784,727.9739910531789,643002251
499,deeponet,256,1024,2,32,n/a,0.0001,90000,4500,0,0.002209177240729332,0.002401236444711685,0.0023780546616762877,393.7900140490383,862210886
500,deeponet,256,1024,1,8,n/a,0.0001,90000,4500,0,0.02145508863031864,0.021393774077296257,0.021071311086416245,333.3060448979959,546138770
501,deeponet,256,4098,1,8,n/a,0.0001,90000,4500,0,0.021551290526986122,0.02149147354066372,0.021173402667045593,560.8884817436337,433344063
502,deeponet,256,512,4,8,n/a,0.0005,90000,4500,0,0.021442938596010208,0.021483907476067543,0.021150168031454086,131.34688240475953,548427447
503,deeponet,256,512,1,8,n/a,0.0001,90000,4500,0,0.02123643271625042,0.021151401102542877,0.020832166075706482,380.2424002951011,892981985
504,deeponet,256,4098,1,32,n/a,5e-05,90000,4500,0,0.004892073571681976,0.005152895115315914,0.0051164692267775536,744.8965649679303,723978983
505,deeponet,256,4098,1,32,n/a,5e-05,90000,4500,0,0.004918803460896015,0.0051766629330813885,0.005129029043018818,747.6507491320372,34697607
506,deeponet,256,512,2,32,n/a,0.0005,90000,4500,0,0.0036396458745002747,0.0038860964123159647,0.003840332617983222,127.83820296172053,548162236
507,deeponet,256,1024,4,32,n/a,5e-05,90000,4500,0,0.0018272607121616602,0.002133845118805766,0.002125715371221304,997.7731652464718,499708678
508,deeponet,256,4098,1,16,n/a,1e-05,90000,4500,0,0.005375544540584087,0.005646845325827599,0.00559060787782073,784.9923801114783,190296360
509,deeponet,256,4098,2,8,n/a,0.0005,90000,4500,0,0.022885749116539955,0.022923510521650314,0.02259371429681778,529.4220184190199,642986625
510,deeponet,256,2048,4,32,n/a,5e-05,90000,4500,0,0.0022832429967820644,0.0026160927955061197,0.0025916958693414927,1275.5514187794179,104324594
511,deeponet,256,2048,2,32,n/a,1e-05,90000,4500,0,0.0015607851091772318,0.00173658924177289,0.0017186376499012113,1746.3727986337617,703096827
512,deeponet,256,1024,2,16,n/a,0.0005,90000,4500,0,0.006835208274424076,0.007096843793988228,0.007071427535265684,92.44189278408885,374964852
513,deeponet,256,2048,1,8,n/a,0.0005,90000,4500,0,0.0214010588824749,0.021343622356653214,0.02103607729077339,359.58105404209346,70896517
514,deeponet,256,1024,1,32,n/a,0.0005,90000,4500,0,0.005494691431522369,0.005723515059798956,0.005652131512761116,226.61429477948695,958399784
515,deeponet,256,256,2,8,n/a,5e-05,90000,4500,0,0.020775308832526207,0.020664041861891747,0.02032574638724327,475.85022739041597,550422704
516,deeponet,256,4098,1,8,n/a,0.0005,90000,4500,0,0.02234060689806938,0.02230670489370823,0.02199413627386093,223.27425662055612,993343801
517,deeponet,256,2048,1,32,n/a,0.0005,90000,4500,0,0.006357589736580849,0.006592418532818556,0.0065261987037956715,237.01832450088114,453983988
518,deeponet,256,1024,4,32,n/a,5e-05,90000,4500,0,0.0019413686823099852,0.002263279166072607,0.002251835074275732,816.7043245816603,483464804
519,deeponet,256,4098,4,16,n/a,5e-05,90000,4500,0,0.003091921331360936,0.0035294031258672476,0.00347092910669744,5516.37945136521,156904447
520,deeponet,256,4098,2,8,n/a,0.0005,90000,4500,0,0.022175535559654236,0.022196315228939056,0.021871525794267654,675.190984823741,749323168
521,deeponet,256,4098,1,8,n/a,1e-05,90000,4500,0,0.02139871194958687,0.021348826587200165,0.021024897694587708,769.955590184778,10204473
522,deeponet,256,2048,2,8,n/a,0.0001,90000,4500,0,0.021182773634791374,0.021111609414219856,0.02078411355614662,466.78279739432037,758398788
523,deeponet,256,1024,1,16,n/a,5e-05,90000,4500,0,0.005072758533060551,0.0052955313585698605,0.005251327995210886,425.37034714315087,660984165
524,deeponet,256,1024,1,16,n/a,5e-05,90000,4500,0,0.005021924618631601,0.005253806710243225,0.005210616160184145,417.07377762906253,197959208
525,deeponet,256,4098,1,8,n/a,0.0001,90000,4500,0,0.021872587502002716,0.021830856800079346,0.021491872146725655,408.3903753552586,393138172
526,deeponet,256,256,4,16,n/a,5e-05,90000,4500,0,0.002374017145484686,0.0026545997243374586,0.002596390200778842,517.1892739264295,640906234
527,deeponet,256,4098,1,32,n/a,0.0005,90000,4500,0,0.006197960115969181,0.006413850001990795,0.006406818982213736,291.9039699565619,98974978
528,deeponet,256,2048,1,32,n/a,5e-05,90000,4500,0,0.004717121832072735,0.004948707763105631,0.004925559274852276,515.2947525382042,982774585
529,deeponet,256,256,4,32,n/a,1e-05,90000,4500,0,0.0025475556030869484,0.002798809902742505,0.0027851779013872147,527.0234115337953,780198903
530,deeponet,256,4098,2,16,n/a,0.0001,90000,4500,0,0.004050927702337503,0.004328529816120863,0.004318899940699339,1511.0471693016589,296403727
531,deeponet,256,4098,2,32,n/a,0.0005,90000,4500,0,0.009552760049700737,0.009840281680226326,0.00969031360000372,618.2118954816833,387253230
532,deeponet,256,4098,4,8,n/a,1e-05,90000,4500,0,0.021168610081076622,0.021093707531690598,0.020769894123077393,5665.864624266513,569984356
533,deeponet,256,4098,1,16,n/a,1e-05,90000,4500,0,0.005250998307019472,0.0055261715315282345,0.005488140042871237,782.7061141803861,229521463
534,deeponet,256,512,1,8,n/a,0.0005,90000,4500,0,0.021940108388662338,0.0218855869024992,0.02158457227051258,152.46690199431032,22507544
535,deeponet,256,4098,4,8,n/a,0.0005,90000,4500,0,0.029801728203892708,0.02980893664062023,0.029429158195853233,1007.1206474443898,543199950
536,deeponet,256,1024,1,8,n/a,0.0001,90000,4500,0,0.021211521700024605,0.021136369556188583,0.020810429006814957,410.03679689671844,177765053
537,deeponet,256,1024,1,8,n/a,5e-05,90000,4500,0,0.021283434703946114,0.021202975884079933,0.02088676393032074,409.2959488173947,226465382
538,deeponet,256,1024,4,32,n/a,0.0001,90000,4500,0,0.002667354652658105,0.0030438369140028954,0.003040325129404664,456.58894098643214,462040293
539,deeponet,256,256,4,8,n/a,0.0005,90000,4500,0,0.02136399783194065,0.02133273147046566,0.021028272807598114,104.47047689929605,129731726
