,architecture,n_hidden_channels,n_layers,n_modes,batch_size,learning_rate,n_epochs,patience,weight_decay,train_rel_l2,val_rel_l2,test_rel_l2,time_spent,seed
0,fno,32,1,8,64,0.0001,2000,100,0.0,0.013697119838661618,0.013507958789666494,0.01356898820400238,1123.1388436909765,9497694
1,fno,32,1,32,64,0.005,2000,100,0.0,0.0004496465182552735,0.0004567465161283811,0.0004619116857647896,1410.4414629908279,101616274
2,fno,32,2,32,64,0.0005,2000,100,0.0,0.000511594944116142,0.0004945946820080281,0.000541916731124123,1480.4580298205838,759747056
3,fno,32,1,32,64,0.005,2000,100,0.0,0.0005376363185544808,0.0005434736075500648,0.0005546614838143189,668.4178956383839,307334582
4,fno,32,2,32,64,0.0001,2000,100,0.0,0.000719207468132178,0.0006921816219886144,0.0007881842702627182,1719.3666984289885,194864473
5,fno,16,2,16,64,0.001,2000,100,0.0,0.0006037983602533738,0.0005878364990154902,0.0006253059438119332,1611.8561430955306,845494003
6,fno,32,2,32,64,0.0001,2000,100,0.0,0.0007463907019959556,0.0007358454043666522,0.0008118640979131063,1570.5457321302965,934160177
7,fno,32,1,32,64,0.0001,2000,100,0.0,0.0016038083872861333,0.0016025696570674578,0.001672899638613065,1210.7163340616971,251721930
8,fno,16,4,16,64,0.0001,2000,100,0.0,0.0006240759624375238,0.0005933014551798503,0.0006640150311092535,3074.897009620443,559811892
9,fno,32,1,32,64,0.0001,2000,100,0.0,0.0014402643889188766,0.0014057092666625976,0.0014860454226533573,1096.1509458385408,885209283
10,fno,16,4,32,64,0.0001,2000,100,0.0,0.0007294885019461314,0.0006984661432603995,0.0007644082022209962,3114.4537437409163,853944038
11,fno,16,4,32,64,0.0001,2000,100,0.0,0.0012162356318698988,0.0011634138425191244,0.0012637201050917308,3569.920600402169,445883913
12,fno,32,1,8,64,0.001,2000,100,0.0,0.013068636616071065,0.01291093075275421,0.01286889785528183,1235.3843872062862,969215976
13,fno,32,1,8,64,0.0005,2000,100,0.0,0.013142046643628015,0.012999645471572875,0.01294926623503367,1047.4512107400224,917124941
14,fno,16,1,32,64,0.0001,2000,100,0.0,0.004410688685046302,0.00433420625825723,0.004642231856783231,1368.9565169587731,422970984
15,fno,16,1,32,64,0.0001,2000,100,0.0,0.004585782155394554,0.0045151592542727785,0.004780716712276141,1387.651074623689,598931065
16,fno,32,1,16,64,0.005,2000,100,0.0,0.0005147071482820644,0.0005216638576239348,0.0005342275239527225,1396.4049403481185,846464002
17,fno,32,1,32,64,0.0005,2000,100,0.0,0.000848680016067293,0.0008376608503361543,0.0008699432847400506,1222.75907904841,134870220
18,fno,32,1,16,64,0.005,2000,100,0.0,0.0004883385511736075,0.00048559087887406347,0.0005008191782981158,1251.3742367830127,794375233
19,fno,32,2,8,64,0.0005,2000,100,0.0,0.0008929952767988046,0.0008866776016851266,0.0009148902197678884,1607.095623107627,112103842
20,fno,16,4,32,64,0.005,2000,100,0.0,0.00034846739057037567,0.00036426797819634276,0.0003601508233696222,3110.757022944279,168706123
21,fno,16,4,32,64,0.005,2000,100,0.0,0.00036065130080613827,0.0003808634759237369,0.0003785434116919835,3494.24769202061,246876690
22,fno,32,4,16,64,0.005,2000,100,0.0,0.0003940678547239966,0.00041456610523164274,0.0004167554024606943,2826.3324978640303,958458554
23,fno,32,2,8,64,0.001,2000,100,0.0,0.000779160112556484,0.0007874253826836745,0.0008075296270350615,1398.397479230538,629287351
24,fno,32,2,8,64,0.001,2000,100,0.0,0.0014595231918825044,0.0015059813832243283,0.0015188106074929238,1763.2762294607237,864592451
25,fno,32,4,16,64,0.001,2000,100,0.0,0.00041566157651444274,0.0004312067658950885,0.00044033941936989627,2976.835763024166,126098088
26,fno,16,2,16,64,0.0005,2000,100,0.0,0.0005585233395298322,0.000557636101419727,0.0005848941418031852,2031.5305893635377,609544213
27,fno,16,2,16,64,0.0005,2000,100,0.0,0.0006419744297034211,0.0006477454776565234,0.0006717564432571332,1723.3733233483508,917846549
28,fno,16,2,32,64,0.0005,2000,100,0.0,0.000751076983494891,0.0007461057429512342,0.0007949266073604425,1619.4409054927528,790803341
29,fno,32,2,16,64,0.005,2000,100,0.0,0.0003692590474254555,0.0003781427082916101,0.0003880667934815089,1639.0662868339568,515700769
30,fno,16,2,32,64,0.0005,2000,100,0.0,0.0006737491803036796,0.0006642461568117142,0.0007085328648487727,1828.3624296979979,827903449
31,fno,16,4,32,64,0.005,2000,100,0.0,0.0003750952780246735,0.00039099676720798015,0.00039381929114460946,2752.8653027070686,660343239
32,fno,16,4,8,64,0.0001,2000,100,0.0,0.0022765950767530334,0.0022239980722467104,0.002425199064115683,2442.4444545665756,406393147
33,fno,32,1,8,64,0.001,2000,100,0.0,0.01305414969391293,0.012911844789981843,0.012851306994756062,854.9539519110695,377469754
34,fno,16,1,32,64,0.0005,2000,100,0.0,0.0017804088873995675,0.001771079882979393,0.001799701360364755,1140.4935747478157,965647966
35,fno,16,2,32,64,0.001,2000,100,0.0,0.000458065760632356,0.0004497077999015649,0.0004581139429161946,1810.832274524495,486311708
36,fno,16,2,16,64,0.0005,2000,100,0.0,0.0005865045367843575,0.0005806922391057014,0.0006097979452461004,1613.262204701081,57607344
37,fno,32,2,32,64,0.0005,2000,100,0.0,0.000479261367685265,0.00046935219938556354,0.0004943817059199015,1437.1713346624747,420296909
38,fno,16,1,16,64,0.005,2000,100,0.0,0.0007175728115770552,0.0007205394965906938,0.0007361890648802121,634.6343600712717,791628034
39,fno,16,1,8,64,0.005,2000,100,0.0,0.013080942504935794,0.012918111304442087,0.01286765084664027,632.5024447673932,817416691
40,fno,32,2,32,64,0.0005,2000,100,0.0,0.0005001229650030534,0.0004943458829075098,0.0005318868352721135,1781.2957988353446,214023765
41,fno,16,2,16,64,0.001,2000,100,0.0,0.0005507364322741826,0.0005489773023873568,0.0005721797216683626,2061.6150377094746,423811450
42,fno,32,4,16,64,0.0005,2000,100,0.0,0.00046714179259207516,0.00047491922167440255,0.0004930392149835825,2992.0803596964106,911935626
43,fno,16,2,16,64,0.001,2000,100,0.0,0.0004995456867747836,0.0004948235216240088,0.0005125773114462693,2048.8865224886686,330330050
44,fno,16,4,16,64,0.0001,2000,100,0.0,0.000721704297595554,0.0006754509415477514,0.0007316333490113417,3741.710260147229,748086814
45,fno,16,4,16,64,0.0001,2000,100,0.0,0.0006694558422184652,0.000650052888939778,0.0007321018775304158,3470.470796171576,366263525
46,fno,16,1,16,64,0.001,2000,100,0.0,0.0014685913506481383,0.0014579605807860693,0.0015197668299078942,1291.9981130557135,560721017
47,fno,16,2,8,64,0.0001,2000,100,0.0,0.003931252873606152,0.0038735377490520476,0.003981562107801437,1802.7326570618898,99334712
48,fno,16,4,32,64,0.0001,2000,100,0.0,0.0008999371437562836,0.0008736959832410018,0.0009496572663386663,3715.39309965726,217316944
49,fno,32,2,8,64,0.001,2000,100,0.0,0.0008019260495073265,0.000809746486445268,0.0008241716511547566,1900.895525031723,338756567
50,fno,32,1,8,64,0.0005,2000,100,0.0,0.013133119662602742,0.012972203552722932,0.012935010731220246,1174.1859559342265,928889217
51,fno,32,1,8,64,0.0005,2000,100,0.0,0.013111011140876346,0.012942546288172404,0.012910063922405244,866.9803828243166,56048734
52,fno,16,1,8,64,0.0005,2000,100,0.0,0.01347622021039327,0.013313673257827759,0.013307948609193166,1219.4742916850373,23471437
53,fno,16,4,8,64,0.005,2000,100,0.0,0.0011713123826517,0.0012101609682043392,0.0012544010629256567,3250.1181893013418,17896082
54,fno,16,1,8,64,0.0005,2000,100,0.0,0.013419379538959927,0.013250133574008942,0.013243068794409434,1302.2990244990215,161660178
55,fno,16,1,16,64,0.001,2000,100,0.0,0.0012786398107806842,0.0012494592716296514,0.0013091315627098083,1213.6392963659018,687141667
56,fno,16,2,8,64,0.001,2000,100,0.0,0.0018926582410931586,0.0018853236312667528,0.0019299857566754024,1509.2096222331747,378622956
57,fno,16,2,8,64,0.001,2000,100,0.0,0.0016281980615523127,0.00161253638813893,0.0016407208715875944,1925.904885868542,760552972
58,fno,32,2,8,64,0.0005,2000,100,0.0,0.0008602286241948605,0.000858884604026874,0.00089380885536472,1790.18713226635,391576686
59,fno,16,1,16,64,0.0005,2000,100,0.0,0.0016352617194255192,0.0016343111619353293,0.0017035013238588968,1570.1966939680278,139097219
60,fno,32,2,8,64,0.0005,2000,100,0.0,0.001896140364309152,0.001954437680542469,0.0019561022743582726,1830.262793325819,534323842
61,fno,32,2,16,64,0.005,2000,100,0.0,0.0003830685271985001,0.0003998094021032254,0.0003990107166270415,1959.9940254762769,553213284
62,fno,32,2,16,64,0.005,2000,100,0.0,0.0003665586741020282,0.00038524142963190875,0.0003895274909834067,1280.884319320321,891219590
63,fno,16,1,8,64,0.001,2000,100,0.0,0.013251330316066743,0.013075481613477071,0.013050181031227112,1324.1309877028689,478383764
64,fno,32,4,16,64,0.005,2000,100,0.0,0.0003609170870234569,0.000388243542984128,0.0003883026906599601,1814.6896161409095,770612421
65,fno,32,4,16,64,0.005,2000,100,0.0,0.0004488763947867685,0.0004695477100710074,0.00047659767853717007,1144.1302760317922,861216301
66,fno,32,2,8,64,0.005,2000,100,0.0,0.0006750653348863124,0.0007038099691271781,0.000704930388679107,1652.8654782660306,437741260
67,fno,32,2,32,64,0.005,2000,100,0.0,0.00034575001667771073,0.0003625992611050606,0.00036361663478116197,1444.4581362186,261239504
68,fno,32,2,32,64,0.005,2000,100,0.0,0.00037596431374549866,0.00039281861856579783,0.00039535000051061313,1359.17318384815,977991168
69,fno,32,1,32,64,0.0005,2000,100,0.0,0.0009062373178700606,0.0008947811213632425,0.000951573566844066,1174.4396926108748,176637954
70,fno,16,4,16,64,0.0005,2000,100,0.0,0.0005273808143619034,0.0005225236341357231,0.0005498437564820051,4088.4146266924217,180685808
71,fno,32,4,32,64,0.0005,2000,100,0.0,0.0005286478830708398,0.000529088731855154,0.0005648530224959056,2610.935198926367,76643799
72,fno,16,4,16,64,0.0005,2000,100,0.0,0.0004639547040892972,0.00045091349196930725,0.00049384406208992,2934.823946324177,191457046
73,fno,32,2,16,64,0.0001,2000,100,0.0,0.0006466984686752161,0.0006263509175429741,0.0007038095258176327,1586.4067517733201,965114917
74,fno,32,1,32,64,0.0005,2000,100,0.0,0.0009469261980719037,0.0009443505207697551,0.0009798846344153086,1059.0801582643762,249753753
75,fno,32,2,16,64,0.0001,2000,100,0.0,0.0006889797765761614,0.0006791427321732044,0.000736875335375468,1585.9969905531034,983142712
76,fno,32,4,16,64,0.001,2000,100,0.0,0.0004450224954634905,0.00044978785204390683,0.0004583659240355094,3085.0233417032287,877163031
77,fno,32,4,16,64,0.001,2000,100,0.0,0.0005098084600435363,0.0005221757888793946,0.0005471747616926829,2497.1987891374156,71882380
78,fno,32,2,32,64,0.0001,2000,100,0.0,0.0006753543449772728,0.0006664314940571785,0.000739901232222716,1904.8217529654503,865194448
79,fno,16,1,16,64,0.001,2000,100,0.0,0.0012378975935280322,0.0012271157130599021,0.0012704750907917817,1213.2844737218693,859974686
80,fno,32,1,16,64,0.0001,2000,100,0.0,0.0019327136526505152,0.0019086438218752543,0.001992131826778253,1209.7644136277959,661205717
81,fno,16,4,8,64,0.0001,2000,100,0.0,0.0017882017716765403,0.0017653865292668342,0.0018617190768321354,2942.001636055298,319550706
82,fno,16,4,8,64,0.0001,2000,100,0.0,0.001979513411720594,0.002015083119273186,0.002084803362687429,3104.194799652323,967405142
83,fno,16,4,8,64,0.001,2000,100,0.0,0.0009566603273981147,0.0009747834714750449,0.0009859659262001514,2748.5658178804442,771250685
84,fno,16,1,32,64,0.0005,2000,100,0.0,0.00165390388502015,0.0016853413929541906,0.0017303230886658032,1142.425367616117,259020790
85,fno,16,1,32,64,0.0005,2000,100,0.0,0.001732421920531326,0.0017551795120040576,0.0017900890658299128,1581.3018116792664,742856145
86,fno,16,1,32,64,0.0001,2000,100,0.0,0.0035227336635192236,0.0034435133039951325,0.003629519765575727,1281.058357855305,874031160
87,fno,16,2,32,64,0.001,2000,100,0.0,0.0005583670979572667,0.0005606456771492959,0.0005684053183843692,792.2704839166254,765425928
88,fno,16,2,32,64,0.001,2000,100,0.0,0.00047975474264886644,0.00047943792554239434,0.0004977899168928465,1838.7510983264074,984100761
89,fno,16,2,8,64,0.0005,2000,100,0.0,0.004022347112496694,0.004041037082672119,0.004102313846349716,1505.0858027078211,13477333
90,fno,16,2,32,64,0.005,2000,100,0.0,0.00039336593449115754,0.0004052546937018633,0.00040351415673891704,1924.6687053386122,120209801
91,fno,32,2,32,64,0.005,2000,100,0.0,0.00037020326633420257,0.0003811280181010564,0.00038520722463727,1658.9763559196144,145158306
92,fno,32,1,8,64,0.001,2000,100,0.0,0.013106136275662317,0.012940440475940704,0.012908085664113363,771.4122448526323,793497873
93,fno,32,2,32,64,0.001,2000,100,0.0,0.00045578881270355646,0.000456197834884127,0.0004769311559696992,1536.9656928498298,690690459
94,fno,16,2,32,64,0.005,2000,100,0.0,0.00041548043572240404,0.00042481542378664016,0.0004254984005043904,2451.586467061192,714153342
95,fno,32,4,8,64,0.001,2000,100,0.0,0.0007316228076815605,0.0007535434340437253,0.000777167946100235,2862.159436008893,93347467
96,fno,32,1,8,64,0.005,2000,100,0.0,0.0130081989897622,0.012888365765412649,0.01282792353630066,1009.5981703000143,43119847
97,fno,32,4,8,64,0.001,2000,100,0.0,0.0006860848081608614,0.0007156292013823986,0.0007242758485178153,2746.5570701714605,347732724
98,fno,16,2,8,64,0.005,2000,100,0.0,0.0014106275704171922,0.001422045571108659,0.0014229189877708753,2116.9465936841443,96994059
99,fno,16,1,16,64,0.005,2000,100,0.0,0.0006201420161459181,0.0006222651787102223,0.0006445058745642503,1367.73465333879,600691724
100,fno,32,4,8,64,0.005,2000,100,0.0,0.0005832532515956296,0.0006491552442312241,0.0006463436484336853,2337.783247948624,657350816
101,fno,16,1,16,64,0.005,2000,100,0.0,0.0007300572871334023,0.0007366202659904957,0.0007487145091096561,1383.8525919504464,558302706
102,fno,32,4,32,64,0.0001,2000,100,0.0,0.0006324635342591339,0.0006235287475089232,0.000680478007843097,2792.566278161481,955796712
103,fno,32,1,16,64,0.0005,2000,100,0.0,0.0008766455720696185,0.0008690980933606624,0.0008997092035909494,1110.528058854863,144855290
104,fno,16,4,8,64,0.0005,2000,100,0.0,0.001928338098857138,0.0019330877338846525,0.0019276309212048848,2597.9845759756863,520210178
105,fno,32,4,32,64,0.0001,2000,100,0.0,0.0005812514051795006,0.0005670137175669273,0.0006250981837511063,2563.1875023925677,299436990
106,fno,16,1,8,64,0.005,2000,100,0.0,0.013159734447797139,0.012976223270098368,0.01293757387002309,494.3166541690007,558026883
107,fno,32,4,16,64,0.0005,2000,100,0.0,0.0005049325790670183,0.0005120217228929202,0.0005287609460453192,1308.5724566485733,780261653
108,fno,32,1,8,64,0.0001,2000,100,0.0,0.01352493315272861,0.013351356228192647,0.013372724672158559,994.1956232013181,196271166
109,fno,16,4,16,64,0.005,2000,100,0.0,0.0003584751542657614,0.00037548759517570335,0.0003787598293274641,3228.57620349247,163431662
110,fno,16,1,8,64,0.005,2000,100,0.0,0.013032253033585019,0.012862752159436544,0.01281404995918274,789.4718284141272,635025580
111,fno,16,4,16,64,0.0005,2000,100,0.0,0.0005216340863456329,0.0005170088037848473,0.0005442305418352286,3266.605005393736,841837552
112,fno,32,4,16,64,0.0005,2000,100,0.0,0.0004401852453334464,0.00043606016909082733,0.0004613671849171321,2329.2960871113464,640036967
113,fno,16,2,8,64,0.0001,2000,100,0.0,0.003975425748361482,0.0039054952561855317,0.0039744139562050505,1903.3093220563605,343423447
114,fno,16,2,32,64,0.0001,2000,100,0.0,0.0010629500796397527,0.0010351347140967846,0.0011293405989805858,1716.516149896197,555492406
115,fno,32,1,8,64,0.0001,2000,100,0.0,0.013610927045345306,0.013437234222888946,0.013444354554017384,937.7328018182889,148580604
116,fno,16,1,32,64,0.001,2000,100,0.0,0.0011894580548008284,0.0011670229497055212,0.00120183002948761,1283.4905387284234,433080464
117,fno,32,4,8,64,0.0001,2000,100,0.0,0.0010006465576589108,0.0010168026909232139,0.001041321982940038,2843.1525674387813,451404827
118,fno,16,2,8,64,0.0001,2000,100,0.0,0.004393595372637113,0.004298501824339231,0.004522849246859551,1515.6943840179592,160713442
119,fno,16,4,8,64,0.005,2000,100,0.0,0.0006423827457345194,0.0006672402980426947,0.0006689806170761585,2751.096138323657,443672979
120,fno,32,4,32,64,0.0001,2000,100,0.0,0.000587855398034056,0.0005664819988111655,0.0006260080145051082,2630.05200751964,956145157
121,fno,16,4,8,64,0.005,2000,100,0.0,0.0009912856908308135,0.0010388770264883837,0.001031700602422158,2942.6896465830505,742763068
122,fno,16,4,32,64,0.001,2000,100,0.0,0.0004469331968575716,0.000451593363036712,0.0004616001769900322,1948.7105571711436,99971231
123,fno,32,2,16,64,0.001,2000,100,0.0,0.00045224280717472235,0.00044563163133958975,0.00047404363999764126,1347.7812913693488,572094304
124,fno,16,1,16,64,0.0005,2000,100,0.0,0.0017607362849844826,0.0017666525915265084,0.0018193890328208606,1282.1307239001617,934787085
125,fno,16,1,8,64,0.0001,2000,100,0.0,0.015315436250633663,0.015119478861490886,0.015246210277080535,1130.859953998588,616650469
126,fno,16,2,8,64,0.005,2000,100,0.0,0.0011567723837991556,0.0011674094833433628,0.0011933077722787856,812.924884416163,629379617
127,fno,32,2,8,64,0.0001,2000,100,0.0,0.0014619519611199696,0.001471487301091353,0.0015549722363551457,1545.413126767613,683848172
128,fno,16,1,16,64,0.0005,2000,100,0.0,0.0022638366147875785,0.002229808864494165,0.002307908256848653,1299.318000787869,228598405
129,fno,16,2,8,64,0.005,2000,100,0.0,0.0018789582633309894,0.0019168789933125179,0.001898612082004547,2144.2717102002352,908722560
130,fno,16,2,32,64,0.0001,2000,100,0.0,0.0013342279468973478,0.0013217381673554579,0.0014177268606921038,2041.8338886015117,165072076
131,fno,16,2,16,64,0.0001,2000,100,0.0,0.002176283197270499,0.0021333412279685338,0.0022944833089907964,1924.4326024930924,788096990
132,fno,16,1,16,64,0.0001,2000,100,0.0,0.0028807576911316977,0.0028441227450966837,0.003036649833122889,1277.6559731168672,358854832
133,fno,16,1,8,64,0.001,2000,100,0.0,0.013369652138815986,0.013213877081871033,0.013173120816548665,1152.6948870960623,81653897
134,fno,16,2,32,64,0.0001,2000,100,0.0,0.0016872316292590565,0.0016468441784381867,0.0018257826566696167,1833.0915361884981,724448856
135,fno,32,4,32,64,0.005,2000,100,0.0,0.00039956655436091954,0.00042120916955173016,0.00042317395160595576,2097.0022438941523,530253130
136,fno,32,2,8,64,0.005,2000,100,0.0,0.0009292247589263651,0.00099335977435112,0.000972793015340964,1821.843378094025,301415189
137,fno,32,2,16,64,0.0005,2000,100,0.0,0.00047640385913352173,0.00048042169772088527,0.0005003384097168842,1267.1894653597847,32117073
138,fno,16,4,16,64,0.001,2000,100,0.0,0.00040043895319104197,0.00040289727163811526,0.00041440436864892643,2906.111324154772,693381640
139,fno,32,4,8,64,0.001,2000,100,0.0,0.0006494123577657674,0.0006686865190664927,0.0006893726885318756,2643.0051907170564,568060895
140,fno,16,1,8,64,0.001,2000,100,0.0,0.013182997206846873,0.012999019145965577,0.012966022650400798,1235.450789324008,776937777
141,fno,32,4,32,64,0.0005,2000,100,0.0,0.0005131717506382201,0.0005166943048437436,0.0005420136364797751,2644.8302922584116,638861025
142,fno,32,2,8,64,0.005,2000,100,0.0,0.0009379746483431922,0.000987171637515227,0.0010019092236955962,2195.9866733429953,404336192
143,fno,32,4,8,64,0.0005,2000,100,0.0,0.000795437267050147,0.0008331574214001496,0.0008661679786940415,2958.5604841466993,758881203
144,fno,16,4,16,64,0.001,2000,100,0.0,0.0003919624486524198,0.00040082937106490136,0.0004101510960608721,3106.4563892865553,721075892
145,fno,16,1,8,64,0.0005,2000,100,0.0,0.013318230787913004,0.01315221228202184,0.013132079402605693,1271.0008092531934,808101757
146,fno,16,1,32,64,0.005,2000,100,0.0,0.0006767777378360431,0.0006628203180929025,0.0006826059147715569,1205.8564109420404,252386905
147,fno,32,4,32,64,0.0005,2000,100,0.0,0.00048773323434094586,0.0004868507335583369,0.0005139999526242415,2666.892867680639,656226196
148,fno,16,2,32,64,0.0005,2000,100,0.0,0.0006193290911614894,0.0006304585921267669,0.0006514018656065066,1706.7650998085737,816179536
149,fno,16,4,16,64,0.005,2000,100,0.0,0.0003663202333781454,0.00037728492046395937,0.0003793980690340201,3110.2432073242962,739782559
150,fno,16,4,16,64,0.001,2000,100,0.0,0.0005108106800665458,0.0005234584572414557,0.0005259034366657336,3619.6396753648296,80968612
151,fno,32,4,32,64,0.001,2000,100,0.0,0.00040928490335742635,0.0004330677681912978,0.0004399754001448552,2121.187992698513,326796348
152,fno,16,2,8,64,0.0005,2000,100,0.0,0.002323226935333676,0.0022961239218711855,0.0023286798124512037,2117.3217707891017,576576184
153,fno,16,2,16,64,0.005,2000,100,0.0,0.00040086607738501495,0.00040349564887583254,0.0004127871102343003,992.8641992108896,876224565
154,fno,32,1,32,64,0.001,2000,100,0.0,0.0008044933026863469,0.0007964307616154353,0.0008186118664840857,1223.9526163283736,365784196
155,fno,32,1,16,64,0.0001,2000,100,0.0,0.0016726659660538038,0.0016419209415713947,0.0016855932672818503,960.7972923228517,184147199
156,fno,16,2,8,64,0.001,2000,100,0.0,0.0021112175542447303,0.0020764928236603735,0.0021015784069895746,2193.9602929037064,164715542
157,fno,16,4,16,64,0.005,2000,100,0.0,0.00037941491252018345,0.0003962144342561563,0.0003973165024071932,2926.793023617007,507494458
158,fno,16,2,32,64,0.005,2000,100,0.0,0.00036832702946331764,0.00037855276465415953,0.0003762062198172013,1918.3818067507818,904754958
159,fno,16,2,8,64,0.0005,2000,100,0.0,0.003816640208164851,0.0038703928689161936,0.003832144007086754,1507.0063497386873,197994071
160,fno,16,4,8,64,0.0005,2000,100,0.0,0.0011537970188591215,0.001160815934340159,0.001186165320376555,3051.2172394106165,786727353
161,fno,16,4,32,64,0.0005,2000,100,0.0,0.0004125182316121128,0.0004096607541044553,0.00043463939428329466,2906.6882530003786,831364464
162,fno,32,1,16,64,0.0001,2000,100,0.0,0.0016927627333336406,0.0016935546025633812,0.0017561818212270736,1184.5705721341074,735122480
163,fno,32,2,16,64,0.0001,2000,100,0.0,0.0007456890708870358,0.0007201985170443853,0.000782977477957805,1720.9598271362484,917980386
164,fno,32,4,16,64,0.0001,2000,100,0.0,0.0006861524163848824,0.0006880685600141684,0.0007309346819917361,2281.9968913337216,10245511
165,fno,32,1,16,64,0.001,2000,100,0.0,0.0008429781885610686,0.00082268841813008,0.0008538719924787681,1138.1850915290415,5199327
166,fno,16,4,8,64,0.0005,2000,100,0.0,0.001087346774008539,0.0010904581596453986,0.0011235808630784352,3066.0053272824734,911506013
167,fno,16,2,16,64,0.0001,2000,100,0.0,0.0014539500603245365,0.0014003842795888583,0.0015402729424337546,1995.8319967286661,687919677
168,fno,32,1,8,64,0.005,2000,100,0.0,0.01353894939687517,0.013400072614351909,0.013352714896202088,272.8020124612376,694318430
169,fno,16,1,8,64,0.0001,2000,100,0.0,0.015209610137674544,0.015003799815972645,0.015256470342477162,1285.9399594692513,618108885
170,fno,16,2,16,64,0.0001,2000,100,0.0,0.0017462463892168468,0.0016812095443407694,0.0018333139295379321,1725.167387043126,756970558
171,fno,16,1,32,64,0.005,2000,100,0.0,0.00071485853402151,0.0007155960251887639,0.0007357112454871337,1443.9626965429634,347238564
172,fno,32,2,16,64,0.001,2000,100,0.0,0.0005062646745807595,0.0005076217303673427,0.0005277540305008491,840.9687123838812,675435798
173,fno,16,4,8,64,0.001,2000,100,0.0,0.0010980370653172335,0.0011215271006027859,0.0011291757536431154,1444.7023470299318,31257985
174,fno,32,1,8,64,0.005,2000,100,0.0,0.013010490834712982,0.012881936252117157,0.012811248580614725,806.779612923041,263219538
175,fno,16,1,8,64,0.0001,2000,100,0.0,0.014084718260500166,0.013888400276501973,0.013994706392288208,1208.5253210803494,89798057
176,fno,16,1,32,64,0.005,2000,100,0.0,0.0006701837124096023,0.0006743081236879031,0.0006925252812604109,1395.7761173890904,832780425
177,fno,32,2,16,64,0.001,2000,100,0.0,0.0004678712265772952,0.00047188210487365725,0.0004800117959578832,1573.4141823062673,942536588
178,fno,16,4,8,64,0.001,2000,100,0.0,0.001213818127910296,0.0012289660274982452,0.0012591599375009538,3036.729263587855,228470193
179,fno,16,4,32,64,0.0005,2000,100,0.0,0.0004612184117237727,0.0004468090279648701,0.0004780967527379592,3012.8521021883935,562396086
180,fno,32,4,32,64,0.001,2000,100,0.0,0.00040694082756009364,0.00043576988329490024,0.00043354240556557974,2565.1380498297513,844416566
181,fno,32,2,32,64,0.001,2000,100,0.0,0.0004520172445724408,0.00045429984604318936,0.0004744128789752722,1612.2009165082127,537517854
182,fno,16,4,32,64,0.0005,2000,100,0.0,0.0006040700289110342,0.0006135220465560754,0.0006427748259156943,3202.806823433377,394772809
183,fno,32,4,8,64,0.0005,2000,100,0.0,0.0007431919400890668,0.0007725339730580647,0.0007826194129884243,3155.7475315360352,170078143
184,fno,32,4,32,64,0.001,2000,100,0.0,0.00038896822825902036,0.0003980860455582539,0.0004116730932146311,2842.5737519217655,31993600
185,fno,32,2,32,64,0.001,2000,100,0.0,0.0004494482796225283,0.0004497474494079749,0.00046204775820175804,1554.1609245287254,491009879
186,fno,32,4,8,64,0.0005,2000,100,0.0,0.0008135365897582637,0.0008167992656429609,0.0008547528634468715,3385.5618717828766,36389812
187,fno,32,1,32,64,0.005,2000,100,0.0,0.0004756493175195323,0.00048273204701642194,0.0004885085492084424,1261.1700121900067,875293929
188,fno,32,1,32,64,0.0001,2000,100,0.0,0.001542706862092018,0.0015073494240641595,0.0015803134540716807,1599.1677757054567,141881507
189,fno,32,4,8,64,0.005,2000,100,0.0,0.0006132432321707407,0.0006928315858046214,0.0006858822156985601,2553.889113531448,732389862
190,fno,32,4,8,64,0.0001,2000,100,0.0,0.0009563099187281397,0.0009579149000346661,0.0010210286391278108,2796.5463306047022,868180797
191,fno,32,1,16,64,0.0005,2000,100,0.0,0.0009512419965532091,0.0009314353267351786,0.0009705194520453612,1692.615393936634,113739886
192,fno,32,2,16,64,0.0005,2000,100,0.0,0.000514000150271588,0.0004954636674374342,0.00052839387084047,2208.1083613643423,172682774
193,fno,32,4,8,64,0.005,2000,100,0.0,0.0006057168034215768,0.0006785633849600951,0.0006906622828294833,2978.230805164203,284479310
194,fno,32,1,16,64,0.0005,2000,100,0.0,0.0009040731278558572,0.0009008988464872042,0.0009488344974815845,1474.0707848062739,248937360
195,fno,32,4,8,64,0.0001,2000,100,0.0,0.001121422506454918,0.0011216224084297816,0.0012025394241015116,3936.164072819054,132163977
196,fno,16,1,32,64,0.001,2000,100,0.0,0.001909028651813666,0.0019010605091849962,0.0019578669518232348,1989.8926911493763,23893516
197,fno,32,2,16,64,0.0005,2000,100,0.0,0.0005560651684386863,0.0005420661643147468,0.0006034688819199801,1996.398912561126,971996116
198,fno,16,4,32,64,0.001,2000,100,0.0,0.0004346354448546966,0.00043878980291386444,0.0004539889978865782,2088.8698226986453,497928699
199,fno,32,2,8,64,0.0001,2000,100,0.0,0.0015089138688312636,0.001487746795018514,0.001536765140791734,1508.6780526945367,107862995
200,fno,16,1,32,64,0.001,2000,100,0.0,0.0012286354017754396,0.0012015960005422434,0.0012532519288361074,1495.8368863007054,991077633
201,fno,32,2,8,64,0.0001,2000,100,0.0,0.0013391310771306356,0.0013016538148125014,0.0013719659447669983,2540.5055567910895,729802632
202,fno,16,4,32,64,0.001,2000,100,0.0,0.00048259008158412246,0.000501094442481796,0.0004964537906150023,2922.439012788236,901618417
203,fno,32,1,16,64,0.001,2000,100,0.0,0.0007368097342550754,0.0007187994246681531,0.00074398398026824,1316.266130682081,570331895
204,fno,16,1,16,64,0.0001,2000,100,0.0,0.0030848340176873735,0.0030482336183389027,0.0031942422340313593,1581.5149750253186,125476735
205,fno,16,1,16,64,0.0001,2000,100,0.0,0.004997372162010935,0.004914109066128731,0.005228590697050095,1425.8941387571394,376867266
206,fno,32,4,32,64,0.005,2000,100,0.0,0.0003819074485864904,0.0004153450230757395,0.0004132409666975339,2281.3806724045426,946497889
207,fno,32,1,16,64,0.001,2000,100,0.0,0.0007806688898967372,0.0007777538411319256,0.0008045298308134079,1218.3096221871674,878879464
208,fno,32,1,16,64,0.005,2000,100,0.0,0.0004322203778558307,0.0004321265711138646,0.0004451483686765035,1151.0210995879024,394523047
209,fno,32,4,32,64,0.005,2000,100,0.0,0.00035871138827254373,0.00038884136577447257,0.0003865830507129431,2296.449111812748,769622062
210,fno,16,2,16,64,0.005,2000,100,0.0,0.00036747759642700355,0.0003756744389732679,0.0003763454662015041,1597.6352823497728,768999836
211,fno,32,4,16,64,0.0001,2000,100,0.0,0.0006642838459875849,0.0006444657742977143,0.0007176420458902916,2478.76479779277,988527675
212,fno,16,2,16,64,0.005,2000,100,0.0,0.0004216832514438364,0.0004274515633781751,0.0004352956252793471,1506.164864947088,71439329
213,fno,32,1,32,64,0.001,2000,100,0.0,0.000673990413132641,0.0006652829460799694,0.000692465132723252,1247.8543328763917,391348038
214,fno,32,4,16,64,0.0001,2000,100,0.0,0.0005328378532495763,0.000539932481944561,0.0005919572841376066,2318.735411205329,981778995
215,fno,32,1,32,64,0.001,2000,100,0.0,0.0007234262505339252,0.0007152828599015871,0.0007489818794031938,1036.1308688288555,407123913
