,architecture,input_dim,layer_width,n_layers,n_modes,regularization_scale,train_rel_l2,val_rel_l2,test_rel_l2,time_spent,seed
0,in_fourier_swim,256,256,1,32,1e-10,0.011610715429086687,0.012138944962538815,0.011929174322595543,0.2616676986217499,268298867
1,in_fourier_swim,256,512,1,32,1e-06,0.01747744874555419,0.01811307512199785,0.017720994467367593,0.4295813497155905,969794286
2,in_fourier_swim,256,4096,1,32,1e-08,0.0009134084849724411,0.001670943239104075,0.0016852697315065772,16.15379824396223,293739147
3,in_fourier_swim,256,4096,4,16,1e-06,0.10025012518329553,0.1099835168722188,0.10791007138359884,21.145745255053043,423305435
4,in_fourier_swim,256,2048,1,8,1e-08,0.002471881890693743,0.003104512586992704,0.0030662497129234165,2.645188949070871,955554116
5,in_fourier_swim,256,1024,2,16,1e-08,0.025679289457635843,0.029404533785386405,0.029055806434171556,1.4554483024403453,104637315
6,in_fourier_swim,256,256,4,16,1e-08,0.15029597797868083,0.15665225300113952,0.1532163187906818,0.6092927707359195,440389955
7,in_fourier_swim,256,256,4,32,1e-10,0.16947478888525216,0.17292457586783067,0.1711850104323587,0.5992996618151665,179701141
8,in_fourier_swim,256,512,2,32,1e-06,0.06970113242784945,0.07489108060761006,0.07476111262799484,0.6750967279076576,377066840
9,in_fourier_swim,256,4096,2,32,1e-08,0.0038509418855593746,0.005688222717245821,0.0056312023482072695,16.978960503824055,779437265
10,in_fourier_swim,256,2048,2,16,1e-06,0.029070752419531477,0.03334933354594951,0.03317480122289235,3.333581479266286,53846280
11,in_fourier_swim,256,1024,1,32,1e-06,0.012812418758883962,0.013556362286441104,0.013222660494481085,1.0567530831322074,312019075
12,in_fourier_swim,256,512,1,8,1e-10,0.005352859553869012,0.00589236302883868,0.005806192747550407,0.3767043286934495,166561645
13,in_fourier_swim,256,2048,4,8,1e-10,0.03961498320730911,0.05226429676621928,0.0513818927452704,4.73441831022501,74487632
14,in_fourier_swim,256,2048,2,8,1e-10,0.007931508162461513,0.010607943730959904,0.01051382840280284,3.355678469873965,76354542
15,in_fourier_swim,256,1024,4,16,1e-10,0.07294762813331064,0.08405798905211025,0.08249033029869737,2.060515897348523,815069050
16,in_fourier_swim,256,256,1,8,1e-08,0.0114023372981418,0.011900673421492189,0.011748590604582314,0.20794854033738375,98660637
17,in_fourier_swim,256,2048,1,32,1e-10,0.0011645812874941446,0.0017748473667664427,0.0017644124078160601,3.041999353095889,118434760
18,in_fourier_swim,256,512,1,16,1e-08,0.006686384678156209,0.007213789259076378,0.007075001629478604,0.41016287449747324,950733065
19,in_fourier_swim,256,4096,2,32,1e-06,0.011625940020983976,0.01373157920494708,0.013581516228144741,17.492055452428758,217851847
20,in_fourier_swim,256,256,1,16,1e-08,0.011342574722784736,0.011900543895698813,0.011699729161615274,0.2684064330533147,483929133
21,in_fourier_swim,256,1024,1,8,1e-06,0.012640601393453254,0.013222282950541318,0.012915941407034351,0.906015619635582,277374522
22,in_fourier_swim,256,1024,2,8,1e-08,0.0275665870975204,0.03162316742914391,0.031435917130061594,1.4313769554719329,184922960
23,in_fourier_swim,256,256,4,8,1e-08,0.19190867291301603,0.1965460590834946,0.19371727994697654,0.5026470376178622,239643426
24,in_fourier_swim,256,512,4,8,1e-08,0.08475241163215329,0.09051999739010055,0.08896125389872708,1.023231121711433,883221352
25,in_fourier_swim,256,256,2,32,1e-06,0.12211150046755863,0.12714614671374677,0.12478409499179345,0.36574065778404474,122682290
26,in_fourier_swim,256,4096,1,8,1e-08,0.0010465985562714928,0.0016378977702595024,0.0016390755076963353,14.65203412156552,961233632
27,in_fourier_swim,256,4096,1,8,1e-10,0.0007263087492638235,0.001129506195902296,0.001154763974996074,14.746393903158605,895942426
28,in_fourier_swim,256,4096,4,32,1e-10,0.026036783235833576,0.040045732723789786,0.040157671454778464,20.93167129624635,292821019
29,in_fourier_swim,256,4096,1,8,1e-10,0.0007189163425399664,0.0011118925340685294,0.0011400144693396108,14.825334963388741,711891313
30,in_fourier_swim,256,2048,4,16,1e-08,0.06572612244110719,0.07577403934202437,0.07427178109139893,5.450394496321678,744498181
31,in_fourier_swim,256,512,4,16,1e-10,0.09780064386701097,0.10476270752463365,0.10243192742000788,1.175453770905733,988598584
32,in_fourier_swim,256,1024,2,8,1e-10,0.017800946466850615,0.021215070898611625,0.020915199762879862,1.590232377871871,34232895
33,in_fourier_swim,256,256,2,16,1e-08,0.12076369924550293,0.12567351867079737,0.12497087553203617,0.3304992411285639,954381924
34,in_fourier_swim,256,1024,2,32,1e-10,0.017712060924420174,0.02086369758240753,0.02052840462103903,1.5763185732066631,607695178
35,in_fourier_swim,256,512,4,16,1e-10,0.09409240576315132,0.10010641031611192,0.0984011770160483,1.071482409723103,376523739
36,in_fourier_swim,256,256,1,16,1e-06,0.020694643541996054,0.021238681467791017,0.020879595693001473,0.22998517379164696,815032873
37,in_fourier_swim,256,4096,4,32,1e-08,0.052680116038543424,0.0646334890193046,0.064098194612266,20.444384237751365,653419045
38,in_fourier_swim,256,1024,4,16,1e-08,0.07081380811210547,0.07824365528571874,0.07703075382836823,2.0508239483460784,547887561
39,in_fourier_swim,256,2048,4,16,1e-10,0.04264522900436149,0.05503321589397759,0.05380152280961225,5.268395073711872,12988729
40,in_fourier_swim,256,256,1,32,1e-06,0.02119014467269232,0.02172221600455796,0.02136493357175401,0.22953735012561083,418701996
41,in_fourier_swim,256,256,4,8,1e-08,0.12217983830622138,0.12780605629465777,0.12391032248512054,0.5159318950027227,926836708
42,in_fourier_swim,256,4096,1,32,1e-08,0.000910994838550996,0.0016832177865538393,0.00167538606457495,15.519289025105536,732604717
43,in_fourier_swim,256,512,1,16,1e-06,0.017443892175801796,0.018018639774577773,0.017660982505070352,0.48455504700541496,207336683
44,in_fourier_swim,256,2048,4,16,1e-10,0.039770681508891646,0.051372817121794735,0.05118467540635542,5.158682927489281,535547335
45,in_fourier_swim,256,512,4,8,1e-10,0.10119605718669401,0.1082696475079178,0.10655230465598019,1.0785555066540837,519818243
46,in_fourier_swim,256,256,4,8,1e-10,0.1441328719158071,0.14796122802527104,0.14704245410805872,0.5991007760167122,598580745
47,in_fourier_swim,256,256,2,32,1e-06,0.12947194097680007,0.1346955305859378,0.133685559648256,0.3347964193671942,665363625
48,in_fourier_swim,256,2048,2,32,1e-08,0.01436036198498213,0.017856041142536545,0.017520393766340032,3.5296999691054225,506666990
49,in_fourier_swim,256,2048,4,16,1e-08,0.06113907303271145,0.07024371572498367,0.06977871052374263,5.066487327218056,8845228
50,in_fourier_swim,256,2048,4,8,1e-08,0.06139229700779803,0.07160641903489223,0.07074824972302554,4.681202541105449,616895608
51,in_fourier_swim,256,256,2,32,1e-10,0.13240474696264934,0.13858472024030663,0.13600667261049526,0.34435557574033737,477914657
52,in_fourier_swim,256,512,2,32,1e-06,0.07169560952100441,0.07793649891075703,0.07769728141327846,0.7831007037311792,854523802
53,in_fourier_swim,256,512,2,8,1e-08,0.062173849279089005,0.0674856929745336,0.06631945396043229,0.5730334343388677,955977386
54,in_fourier_swim,256,2048,2,16,1e-10,0.007832698427565857,0.010268637369433106,0.010160547220560399,3.453758961521089,883242476
55,in_fourier_swim,256,4096,4,32,1e-10,0.02670818116902482,0.042261557342818376,0.040803237189808536,20.144543779082596,470642114
56,in_fourier_swim,256,4096,1,8,1e-08,0.0010867111613602713,0.001718448025670813,0.0017065284592773166,15.435998033732176,542153018
57,in_fourier_swim,256,512,2,16,1e-08,0.07222462955223641,0.07956873018583048,0.07770091121698541,0.7010572347790003,935761044
58,in_fourier_swim,256,2048,4,32,1e-08,0.06538061071189478,0.07611375902405607,0.07474722886391304,4.9859509048983455,384874883
59,in_fourier_swim,256,256,1,16,1e-06,0.020299555598727696,0.020802911880690108,0.020382751974670845,0.2259000362828374,710021245
60,in_fourier_swim,256,4096,4,32,1e-08,0.054154316745926176,0.06734056660855749,0.0662579733384847,20.43780829384923,744144537
61,in_fourier_swim,256,2048,1,32,1e-10,0.0011550424659541108,0.0017558619060081455,0.0017893087915662011,2.779410949908197,413696038
62,in_fourier_swim,256,1024,2,16,1e-08,0.026910273532074806,0.03092198450386248,0.03082824206298524,1.319783890619874,922809668
63,in_fourier_swim,256,512,1,16,1e-06,0.017673490256121874,0.0182675801625191,0.017852560638261024,0.5440642554312944,156279145
64,in_fourier_swim,256,2048,1,32,1e-08,0.0023844524839205902,0.003061497357702727,0.003027143207179926,2.9728117315098643,224898865
65,in_fourier_swim,256,2048,2,8,1e-10,0.008086150515516003,0.010645350924449067,0.010610134425880933,3.3355648536235094,897862161
66,in_fourier_swim,256,256,4,32,1e-10,0.1930274428740896,0.19903325489223986,0.19528144861529162,0.5484193917363882,159570599
67,in_fourier_swim,256,4096,4,16,1e-10,0.025863506060877662,0.04031389719949172,0.03988740850703191,22.65035069361329,670489648
68,in_fourier_swim,256,4096,4,8,1e-08,0.05712690137213833,0.07031459952928744,0.06938387517614726,21.37191614229232,636610108
69,in_fourier_swim,256,512,2,8,1e-10,0.05856164369735947,0.0641764786624536,0.06278463509135512,0.5913595156744123,108315649
70,in_fourier_swim,256,512,2,8,1e-06,0.06184482944761238,0.06652563393447512,0.06577478463379939,0.590072994120419,782760944
71,in_fourier_swim,256,4096,4,32,1e-10,0.028280908332300122,0.04401943831454605,0.04369124490914999,20.21929057687521,49412897
72,in_fourier_swim,256,4096,1,16,1e-08,0.0009200055095721515,0.0016635546276569625,0.0016963966001860215,14.774665731936693,935782568
73,in_fourier_swim,256,512,2,8,1e-06,0.06474369032901657,0.07030506622048002,0.06890262879502491,0.7959785265848041,923023885
74,in_fourier_swim,256,4096,1,16,1e-08,0.0009145808902351009,0.0016819345964188977,0.0016952256790710599,15.116624154150486,129903557
75,in_fourier_swim,256,512,1,32,1e-06,0.01754199597289048,0.01809481569145699,0.017742515682337076,0.4316544132307172,660848952
76,in_fourier_swim,256,2048,2,8,1e-08,0.01483887016305508,0.018167515762593473,0.017877054539354256,3.1796273197978735,90233598
77,in_fourier_swim,256,1024,1,16,1e-06,0.012806440642891206,0.01352081879928966,0.013227239129643275,0.9209483508020639,264841096
78,in_fourier_swim,256,256,1,8,1e-06,0.020868192925294814,0.02122963235916689,0.020931270642616136,0.2190164141356945,858026167
79,in_fourier_swim,256,4096,1,32,1e-06,0.0026779756198947817,0.0035881233203785604,0.003571302519023534,15.72241273894906,104853324
80,in_fourier_swim,256,1024,1,8,1e-08,0.00455125905482153,0.005159753034594824,0.00503060346846374,0.852333378046751,200842565
81,in_fourier_swim,256,512,4,32,1e-08,0.11264160185615885,0.12025087384237705,0.11771573849107,1.0771589828655124,757375628
82,in_fourier_swim,256,1024,2,16,1e-10,0.01714004938593758,0.020221334029558065,0.019792279997682894,1.3208907572552562,157816711
83,in_fourier_swim,256,256,2,16,1e-08,0.133057349805375,0.13830893047923845,0.13783029421961468,0.3110616644844413,590287575
84,in_fourier_swim,256,256,2,8,1e-06,0.13004594651375687,0.1347747291893651,0.13312411177541172,0.3017247710376978,700687392
85,in_fourier_swim,256,4096,1,32,1e-06,0.0025246330962404658,0.003454979516409509,0.0034436648546902985,15.67522718012333,662685768
86,in_fourier_swim,256,4096,2,32,1e-10,0.0014959266537243388,0.003191128779456398,0.0031723755697616895,17.518629535101354,110425664
87,in_fourier_swim,256,2048,4,32,1e-06,0.09751895234706658,0.10745503491287707,0.10509471065584046,5.014001324772835,472978019
88,in_fourier_swim,256,256,4,32,1e-10,0.1259328249293744,0.13136414343520142,0.12961175676966782,0.537805556319654,309816214
89,in_fourier_swim,256,512,1,8,1e-08,0.006705491034851508,0.007182617954515076,0.0071182076916585235,0.3771661538630724,594905687
90,in_fourier_swim,256,4096,2,16,1e-06,0.011540501248151081,0.013736129553673692,0.01362055513234704,16.971204203553498,265079866
91,in_fourier_swim,256,4096,2,32,1e-08,0.004081323980732647,0.006059139463965266,0.006036606232233881,17.130947002209723,291490855
92,in_fourier_swim,256,256,2,16,1e-10,0.13274123747821726,0.136620684878663,0.13791834659580118,0.32270965725183487,9580681
93,in_fourier_swim,256,2048,2,8,1e-08,0.014456317733152393,0.01769254682697211,0.01750656105585055,3.166128075681627,208842408
94,in_fourier_swim,256,4096,2,8,1e-08,0.004028971279732826,0.005967079309891048,0.0058800791525931186,16.502517418935895,152154875
95,in_fourier_swim,256,256,1,16,1e-10,0.010794153597110332,0.011334587105449814,0.011140568289047218,0.20826415345072746,845680363
96,in_fourier_swim,256,512,4,8,1e-06,0.14385038843042555,0.15163485110276562,0.1485812747525596,1.1221387572586536,305948330
97,in_fourier_swim,256,1024,2,16,1e-10,0.0174978742046125,0.020879585299357198,0.020425066351113276,1.4488960430026054,383342197
98,in_fourier_swim,256,4096,2,16,1e-08,0.003807352227551331,0.005708853838567294,0.00563134637851743,17.317788905464113,245275964
99,in_fourier_swim,256,2048,4,32,1e-10,0.0387173884973823,0.04962851360617936,0.049088248364357434,5.5423990450799465,355632621
100,in_fourier_swim,256,1024,2,32,1e-08,0.02749154680426362,0.031898442932927325,0.031629136555696845,1.6890137623995543,441549079
101,in_fourier_swim,256,512,1,8,1e-06,0.017796801037457,0.018410889922776914,0.01814722398576336,0.35832863114774227,732226480
102,in_fourier_swim,256,2048,4,16,1e-08,0.05812745909968799,0.06687880194934676,0.06642756554974251,5.666129015386105,796157148
103,in_fourier_swim,256,1024,4,32,1e-08,0.08750075540556274,0.09710273359711918,0.0949431401178272,2.15168272331357,78319515
104,in_fourier_swim,256,2048,1,16,1e-10,0.0011532452672107854,0.0017594068656237116,0.0017594635631966087,2.438420602120459,126020632
105,in_fourier_swim,256,2048,1,16,1e-08,0.002513161410568439,0.0031789281665099956,0.0031467030981948713,3.0945038590580225,229354731
106,in_fourier_swim,256,256,4,32,1e-08,0.14442785055712068,0.14904612104588127,0.14761651731566272,0.5673790806904435,624215525
107,in_fourier_swim,256,4096,2,8,1e-06,0.011245466753154652,0.01341725300914542,0.013246691510893195,16.306306696496904,84168110
108,in_fourier_swim,256,4096,4,8,1e-06,0.0958031610779931,0.1058210760576211,0.10247154275844135,19.858260232955217,795096100
109,in_fourier_swim,256,1024,4,8,1e-06,0.12996460562853876,0.13984324229517817,0.13643320402859122,2.0879151728004217,62941545
110,in_fourier_swim,256,512,1,16,1e-10,0.00551425106810552,0.006088339137030739,0.00600560995173692,0.4558163518086076,916463674
111,in_fourier_swim,256,2048,4,32,1e-06,0.10586959713989905,0.11744110024955041,0.11517104308176583,5.347589190118015,835469530
112,in_fourier_swim,256,1024,4,16,1e-06,0.10612832277816545,0.11453228271542046,0.11079701464765294,2.02484835870564,50440616
113,in_fourier_swim,256,512,4,32,1e-08,0.10867759694337985,0.1176358349367824,0.11498710319662232,1.216062506660819,554605130
114,in_fourier_swim,256,2048,2,8,1e-06,0.030840759738628327,0.035395339544698624,0.034895142364079444,3.3950534034520388,95618103
115,in_fourier_swim,256,4096,2,8,1e-06,0.011500973994902002,0.013592257343141024,0.013328079390241053,17.083383532240987,242316346
116,in_fourier_swim,256,512,4,32,1e-08,0.09231355439654955,0.09910189367230406,0.0969146306676719,1.251857246272266,622258489
117,in_fourier_swim,256,2048,1,16,1e-10,0.001165798952766269,0.0017827610447100355,0.0017976902604010974,2.4736796636134386,734235077
118,in_fourier_swim,256,4096,2,16,1e-10,0.0015244791643100855,0.003200524757997106,0.0031870942437892237,17.139941851608455,970786212
119,in_fourier_swim,256,2048,2,16,1e-10,0.007885584440243948,0.010373917229958493,0.010405525821004706,3.8331362111493945,697821217
120,in_fourier_swim,256,512,4,16,1e-08,0.10983452871326327,0.11718467256599616,0.11571118019137246,1.0703154494985938,214967631
121,in_fourier_swim,256,2048,4,32,1e-08,0.06554916848271132,0.07611630795359389,0.07541839105666043,5.563073640689254,438863462
122,in_fourier_swim,256,512,1,32,1e-10,0.005515476256495278,0.006080735118890205,0.0059813362161764685,0.4524320187047124,846471398
123,in_fourier_swim,256,256,1,32,1e-10,0.011313542881778372,0.011810553309784543,0.01166589579392676,0.2989961365237832,25289508
124,in_fourier_swim,256,4096,2,8,1e-10,0.0016081671316207483,0.0031921599348463323,0.003147576278165939,16.649131110869348,708429154
125,in_fourier_swim,256,4096,2,16,1e-08,0.00413639033902422,0.006091152767258452,0.006039146222634384,16.709632765501738,404826373
126,in_fourier_swim,256,256,4,16,1e-10,0.17218382173551092,0.176786410677188,0.1742372916771782,0.5388382850214839,601981028
127,in_fourier_swim,256,1024,1,8,1e-08,0.004636451438984313,0.00520726536180599,0.005130772806631459,0.9793094424530864,757531798
128,in_fourier_swim,256,256,4,16,1e-08,0.1290472463246347,0.1341261705834514,0.1323017801981977,0.5219927364960313,641039113
129,in_fourier_swim,256,256,1,32,1e-08,0.011076540737530475,0.011649731623540433,0.011475894338856337,0.25329397432506084,441572228
130,in_fourier_swim,256,4096,4,16,1e-10,0.029024768108009608,0.04689581450245032,0.04671531035360556,21.463372131809592,279454877
131,in_fourier_swim,256,1024,4,8,1e-10,0.05905774741144312,0.06785478052179796,0.06715692550359854,2.001660448499024,681237484
132,in_fourier_swim,256,256,4,32,1e-08,0.17161468829320406,0.1751048174226974,0.1725932853714101,0.5823976416140795,374927488
133,in_fourier_swim,256,2048,4,8,1e-06,0.09980420234296862,0.11027754798682476,0.10842656722042422,4.902456973679364,431565979
134,in_fourier_swim,256,4096,2,8,1e-06,0.011416353450175243,0.0135580224684728,0.013301757543732402,18.051532017998397,676903811
135,in_fourier_swim,256,1024,2,32,1e-08,0.02770194258641443,0.03192672661824912,0.03161845423879862,1.5200509261339903,645812691
136,in_fourier_swim,256,512,1,16,1e-10,0.00551340365608414,0.006075702079380466,0.005978768931194393,0.40058194007724524,127793398
137,in_fourier_swim,256,4096,2,32,1e-10,0.0014754680693394911,0.003174972701635486,0.0031543562031670484,17.342373251914978,102250832
138,in_fourier_swim,256,512,4,16,1e-08,0.10171743844743991,0.1090752480171952,0.10622573376162478,1.1134181916713715,714873333
139,in_fourier_swim,256,256,4,8,1e-08,0.13032785314172274,0.13399923446430864,0.1325795242494749,0.5608867043629289,297466665
140,in_fourier_swim,256,512,2,32,1e-08,0.06476472895352006,0.07136456813198663,0.06999895669039614,0.6605574730783701,6143887
141,in_fourier_swim,256,512,1,8,1e-06,0.0171306799370659,0.017713208012926085,0.017392823414579945,0.5388757353648543,763616647
142,in_fourier_swim,256,1024,4,16,1e-10,0.05644565926637681,0.06469175594558096,0.06441011936360075,2.269537325017154,830037000
143,in_fourier_swim,256,2048,4,32,1e-10,0.04201641674082525,0.054020788988588704,0.053525546516717384,4.968740447424352,781572487
144,in_fourier_swim,256,2048,1,8,1e-08,0.0025306393653543417,0.003175491922782911,0.0031279235529533445,2.4158231308683753,414544496
145,in_fourier_swim,256,2048,2,16,1e-10,0.007769014015493042,0.010444309297370332,0.010239141312143266,3.2286510849371552,418773819
146,in_fourier_swim,256,512,4,16,1e-06,0.14603151887024593,0.15212136075953842,0.14633278093530355,1.1162626007571816,121300167
147,in_fourier_swim,256,2048,2,8,1e-10,0.0076858634894478636,0.01024335854132831,0.010007967178599,3.518355288542807,641015925
148,in_fourier_swim,256,2048,2,32,1e-06,0.029625393701794785,0.03436918706250176,0.03394203683896821,3.5773304011672735,614551154
149,in_fourier_swim,256,256,2,8,1e-08,0.13765489617662313,0.14386017016084712,0.14155306643610396,0.2981464574113488,843810986
150,in_fourier_swim,256,512,4,32,1e-10,0.09756661108184307,0.10580620929076114,0.1028508021054945,1.1269136983901262,325089519
151,in_fourier_swim,256,4096,2,32,1e-08,0.003931857348820236,0.005875238957714489,0.005842211714645104,16.905666197650135,792787235
152,in_fourier_swim,256,256,1,8,1e-08,0.011417903785844695,0.011943707108493698,0.011725379541156215,0.21290343906730413,494655109
153,in_fourier_swim,256,2048,4,8,1e-10,0.03962105925122481,0.05232551070818808,0.05186354366834167,4.992432731203735,644852829
154,in_fourier_swim,256,256,1,8,1e-10,0.01087002918861475,0.011345026792378926,0.011161184213230636,0.213622672483325,244441849
155,in_fourier_swim,256,512,1,32,1e-08,0.006712214106945143,0.00721470269177959,0.00713226676640816,0.45392720587551594,985779789
156,in_fourier_swim,256,256,2,8,1e-06,0.11945574310401631,0.12338785242122911,0.12280295740797097,0.3093020860105753,788802850
157,in_fourier_swim,256,4096,2,8,1e-10,0.0015564360655753882,0.0030660878258516214,0.003052300936116911,17.297126374207437,654198119
158,in_fourier_swim,256,2048,4,16,1e-06,0.10114550874703164,0.11079714248148329,0.10841003110212612,4.7865389650687575,623249825
159,in_fourier_swim,256,1024,1,32,1e-10,0.00255762382450592,0.003183170861078376,0.003146087191348198,1.0464556086808443,235025696
160,in_fourier_swim,256,512,2,32,1e-10,0.06782620073536982,0.07374042222662468,0.07272594087860602,0.6606735484674573,713176354
161,in_fourier_swim,256,4096,4,8,1e-08,0.05620954937230609,0.0702830611585988,0.06926243724756583,20.475210439413786,315004764
162,in_fourier_swim,256,1024,1,8,1e-06,0.012627823881465971,0.013281497618433202,0.012992568955780532,0.8559881709516048,503962612
163,in_fourier_swim,256,4096,1,32,1e-08,0.0009036942665753812,0.00165565160929291,0.0016484448092438134,14.71754858084023,412192021
164,in_fourier_swim,256,4096,4,32,1e-06,0.09518547378781801,0.1047675703749111,0.10178358196308535,20.661555810831487,25957580
165,in_fourier_swim,256,1024,4,32,1e-06,0.12276095777390658,0.1307285540350991,0.12935966192175263,2.2062323596328497,169307903
166,in_fourier_swim,256,512,1,16,1e-08,0.006718258295211746,0.007169805920672152,0.00711678504820091,0.4783993549644947,245525606
167,in_fourier_swim,256,1024,1,16,1e-10,0.0025923208409605316,0.0032165751890644747,0.003180860009322997,0.9252853188663721,423202258
168,in_fourier_swim,256,4096,1,8,1e-06,0.0025898523309313766,0.0034575765498551553,0.003431629264203548,15.244168779812753,572380808
169,in_fourier_swim,256,1024,2,16,1e-08,0.0282991798052195,0.03266894689448985,0.03239315814871326,1.5374186486005783,91982503
170,in_fourier_swim,256,512,4,8,1e-10,0.09851688221588459,0.10645745734693607,0.10414049640745368,1.0157113019376993,55022343
171,in_fourier_swim,256,512,4,32,1e-10,0.08757133310912334,0.0942957321193337,0.09162622654704379,1.1920363828539848,900379992
172,in_fourier_swim,256,256,2,16,1e-10,0.12065039447980305,0.1254658668531627,0.12463471785546809,0.318882561288774,11767686
173,in_fourier_swim,256,4096,1,32,1e-06,0.0025999420064821057,0.003521261265794968,0.0035134669419275765,15.97090682014823,971719092
174,in_fourier_swim,256,1024,4,32,1e-08,0.08244600313741317,0.09176549290009814,0.09080288342927506,2.069325259886682,925136262
175,in_fourier_swim,256,256,1,32,1e-06,0.021127575030852455,0.021606146751898602,0.021307462110428967,0.2124103531241417,31652765
176,in_fourier_swim,256,1024,2,8,1e-10,0.01749665217221822,0.02071045571119843,0.02044180438188268,1.5902626551687717,524684438
177,in_fourier_swim,256,256,4,8,1e-06,0.19599761627871198,0.20263867803086796,0.19869679827080683,0.5062642460688949,175452005
178,in_fourier_swim,256,1024,1,32,1e-10,0.0025353395956209516,0.0031419899968276816,0.0030983153008378975,1.1167581677436829,824228127
179,in_fourier_swim,256,4096,4,16,1e-08,0.05085441729448314,0.06323099409951159,0.06156169991488317,20.40014196932316,367082672
180,in_fourier_swim,256,1024,4,8,1e-08,0.07465804479212154,0.08295314334385913,0.08204423247493516,1.9502264754846692,987139363
181,in_fourier_swim,256,1024,4,8,1e-06,0.11342088904247884,0.12118735094600981,0.11907116679587633,2.1242322828620672,361653014
182,in_fourier_swim,256,4096,2,8,1e-08,0.004117404984957765,0.00598431808538432,0.005894495692940769,16.313917683437467,934985256
183,in_fourier_swim,256,256,4,16,1e-10,0.17309795177381326,0.17948191750898562,0.17699607265613365,0.5156949860975146,89233348
184,in_fourier_swim,256,256,2,8,1e-08,0.1328422594599084,0.13755162783439004,0.1368361707132566,0.3100954042747617,127289046
185,in_fourier_swim,256,4096,2,32,1e-10,0.00147145534237145,0.0031585362647102845,0.0031533973849888616,16.991745891980827,518074089
186,in_fourier_swim,256,512,4,16,1e-08,0.10670587699735103,0.11392416176182905,0.11141090581732965,1.1057766927406192,616581578
187,in_fourier_swim,256,1024,2,32,1e-06,0.04302230536425543,0.047967127390971497,0.04790838208537667,1.3569680340588093,328418121
188,in_fourier_swim,256,2048,1,32,1e-06,0.00725429916322853,0.007983417147740103,0.007863057787764067,2.7169823553413153,783707993
189,in_fourier_swim,256,2048,4,16,1e-10,0.04196146626117981,0.054373156242409,0.05502566604031649,4.837974281981587,817108829
190,in_fourier_swim,256,4096,1,16,1e-08,0.000915266722565485,0.0016642456725728197,0.0016708920300222683,14.84201227221638,483824766
191,in_fourier_swim,256,1024,2,16,1e-06,0.04261819750123546,0.047766642417649045,0.04755972614731943,1.7155704302713275,475442551
192,in_fourier_swim,256,512,2,8,1e-10,0.06774474171744291,0.07425331748514769,0.07324043980120418,0.591875690035522,961946433
193,in_fourier_swim,256,2048,2,16,1e-08,0.014278634461401605,0.017441426601709303,0.01730768118640367,3.3281546775251627,868796341
194,in_fourier_swim,256,2048,2,32,1e-08,0.015034618293757122,0.01845254539746354,0.018244964019948726,3.5482440069317818,528503862
195,in_fourier_swim,256,512,1,32,1e-08,0.0066642691397714926,0.007172681492784196,0.007087644243267313,0.5376785630360246,139759111
196,in_fourier_swim,256,2048,1,16,1e-06,0.007492137307915218,0.008211657386452704,0.008103322899615963,2.4056329736486077,216832212
197,in_fourier_swim,256,256,2,32,1e-06,0.12888209782549717,0.13531449955340305,0.1322288499883638,0.3378342092037201,247530905
198,in_fourier_swim,256,1024,4,16,1e-06,0.1397893258222289,0.14918296124306105,0.14546702507295287,2.413993826135993,905701407
199,in_fourier_swim,256,512,4,32,1e-06,0.12070793186563873,0.12576840295500857,0.12385691440128854,1.2291417103260756,641731748
200,in_fourier_swim,256,2048,1,16,1e-08,0.0024606498583829746,0.0031379121272049407,0.0030813437025060263,2.8576978342607617,865805970
201,in_fourier_swim,256,256,1,32,1e-06,0.020730829663317518,0.021202496165255817,0.020988724892581766,0.30553919542580843,535547561
202,in_fourier_swim,256,4096,1,32,1e-10,0.00044318612873584044,0.001062899845931184,0.0010865443846910026,14.960487317293882,511052603
203,in_fourier_swim,256,256,1,32,1e-08,0.011489055169458548,0.012073221826706388,0.011845839381747334,0.2619334626942873,840209029
204,in_fourier_swim,256,2048,4,32,1e-06,0.09946154291015476,0.11014039348391176,0.10722490549922292,4.873868611641228,53426106
205,in_fourier_swim,256,1024,1,8,1e-10,0.002564971337885595,0.003128684649768447,0.003115012330346542,0.9843881167471409,477684684
206,in_fourier_swim,256,2048,4,8,1e-06,0.09987209080369339,0.10966772468626713,0.10798031491985817,4.778420603834093,327839487
207,in_fourier_swim,256,256,4,8,1e-06,0.19355376188694112,0.2002072061319263,0.19610418036030297,0.5324567798525095,458724660
208,in_fourier_swim,256,512,1,8,1e-06,0.017522202208544817,0.01812104361704288,0.017817086274104468,0.36279348470270634,408459255
209,in_fourier_swim,256,1024,4,8,1e-10,0.06648732484057375,0.07597023702195696,0.07489678804513797,2.129210310988128,290544208
210,in_fourier_swim,256,1024,2,16,1e-10,0.01705141040130142,0.02027408389429501,0.019836560258535654,1.3298774966970086,908091364
211,in_fourier_swim,256,256,4,16,1e-06,0.17927756368694772,0.18347566911051225,0.18054808145829307,0.6477522682398558,307865858
212,in_fourier_swim,256,2048,1,32,1e-10,0.001182997167987291,0.001809389891339317,0.0018103155044672092,3.1177724227309227,883289257
213,in_fourier_swim,256,1024,4,32,1e-10,0.05669492362262825,0.06533342999027257,0.0651758663993776,2.1916396217420697,798963594
214,in_fourier_swim,256,2048,1,8,1e-08,0.002463703340485631,0.003093429852264825,0.003047818450863712,2.688220183365047,262612017
215,in_fourier_swim,256,1024,2,32,1e-06,0.04014744478316807,0.045040288957655356,0.04480025770606226,1.6667649606242776,676508500
216,in_fourier_swim,256,512,4,8,1e-06,0.11741871603047165,0.1231266913791486,0.12110454206328052,1.0340163903310895,782208789
217,in_fourier_swim,256,512,2,16,1e-06,0.06272602141352036,0.06766735995926042,0.06751279066868839,0.7561606233939528,462730266
218,in_fourier_swim,256,512,1,32,1e-10,0.005391705564749094,0.005918361281702015,0.005798864380662983,0.5455249845981598,912963910
219,in_fourier_swim,256,256,2,16,1e-06,0.1319424726093966,0.13793731820888688,0.1362898178784968,0.3244187058880925,249969128
220,in_fourier_swim,256,256,1,16,1e-08,0.011674279588667095,0.012217606819292138,0.012024137702241805,0.2495451932772994,942353038
221,in_fourier_swim,256,256,4,8,1e-10,0.13407531261326158,0.13982368138985343,0.1379999065803594,0.5492717884480953,357802612
222,in_fourier_swim,256,1024,1,16,1e-08,0.004658446194534001,0.005285712540143075,0.005132679611875665,0.9621613239869475,107377462
223,in_fourier_swim,256,1024,1,32,1e-10,0.0025780446809892422,0.003197827220249861,0.003151955002372586,1.2222498869523406,233056297
224,in_fourier_swim,256,256,4,8,1e-06,0.18481272401660773,0.1894390064448848,0.1870293280594689,0.5016631437465549,894081142
225,in_fourier_swim,256,4096,4,16,1e-08,0.05111129079996624,0.06417049299376726,0.06320944647916651,20.73245913349092,704507441
226,in_fourier_swim,256,2048,4,32,1e-08,0.06351836586075037,0.07303086038400089,0.07360629467335737,5.001678381115198,76441843
227,in_fourier_swim,256,2048,1,16,1e-08,0.0024999491976151643,0.0031781641920639453,0.003114137916428195,2.788679191842675,646379724
228,in_fourier_swim,256,512,2,32,1e-08,0.06788266431783631,0.07435597469123385,0.07332085124341275,0.6559476451948285,538633965
229,in_fourier_swim,256,1024,1,16,1e-10,0.0026054531417631795,0.0032436093302563125,0.0031906652862212417,0.9026323556900024,577318859
230,in_fourier_swim,256,2048,1,16,1e-06,0.00754929438235753,0.00827974373281669,0.008147206114237169,2.9547661310061812,664061610
231,in_fourier_swim,256,4096,2,16,1e-06,0.011173257450673595,0.013201660771131808,0.013102535861559683,16.915687834843993,63957609
232,in_fourier_swim,256,512,2,8,1e-06,0.06920783554277797,0.07540939367929872,0.07434813293908947,0.6409769831225276,426198610
233,in_fourier_swim,256,2048,2,8,1e-08,0.014481981321669038,0.017853248516121512,0.01771166187290402,3.2267159624025226,14025564
234,in_fourier_swim,256,4096,4,16,1e-10,0.02887063108099956,0.046136118802409046,0.045156854854180306,21.075800045393407,431539742
235,in_fourier_swim,256,256,2,8,1e-10,0.12020995200229703,0.12505554084946746,0.12430873069172803,0.3359546959400177,539806103
236,in_fourier_swim,256,256,1,32,1e-08,0.011873808072648196,0.012401617231083231,0.012165304147177262,0.1916434234008193,857642361
237,in_fourier_swim,256,4096,2,8,1e-10,0.001635307968372934,0.003186339124578086,0.0031780856544665987,17.319930106401443,423212506
238,in_fourier_swim,256,2048,1,8,1e-10,0.0012431883749569952,0.0017583329907383844,0.0017739714892939951,2.6446689339354634,99953058
239,in_fourier_swim,256,512,1,32,1e-08,0.006718639728497833,0.007214217821748719,0.007156104327239412,0.3931675748899579,790745179
240,in_fourier_swim,256,4096,1,16,1e-06,0.002529142599380061,0.003488923859547727,0.003447408545272232,15.21482159756124,403685653
241,in_fourier_swim,256,1024,4,32,1e-10,0.06062985044483503,0.07005987154894815,0.06969872995057075,2.177859733812511,897442981
242,in_fourier_swim,256,1024,4,16,1e-08,0.0761835939849848,0.08484224773211899,0.0836619622824155,2.0979189183562994,268903778
243,in_fourier_swim,256,512,2,16,1e-10,0.07096894543457856,0.07733719889393023,0.07628866995238037,0.658414919860661,816158259
244,in_fourier_swim,256,512,1,32,1e-06,0.01794837985002127,0.018430851584536653,0.018257594058846856,0.441946342587471,678321603
245,in_fourier_swim,256,4096,4,16,1e-06,0.10607930770794906,0.11797746147595632,0.11435068770117177,21.655060357414186,172765318
246,in_fourier_swim,256,1024,1,8,1e-06,0.012356304290537233,0.012978565160867215,0.012795725986227111,0.9315509609878063,246059704
247,in_fourier_swim,256,1024,2,8,1e-08,0.027261605103129048,0.03136544559950474,0.030986400952839017,1.4395403433591127,315247272
248,in_fourier_swim,256,512,4,32,1e-10,0.13622108893514048,0.1439327901061146,0.14157319058796936,1.112180300988257,767098222
249,in_fourier_swim,256,256,2,16,1e-06,0.1343563503705866,0.13828513027796535,0.1377372644631518,0.37048254162073135,292453010
250,in_fourier_swim,256,512,2,16,1e-10,0.07157011883292366,0.07796003428541366,0.07741475330902109,0.8368998700752854,511878257
251,in_fourier_swim,256,256,2,32,1e-08,0.12303459938966944,0.1288721787500505,0.12590406286769953,0.38780311681330204,859152723
252,in_fourier_swim,256,1024,4,32,1e-06,0.10035718109874389,0.10719765765267765,0.10569778246167467,2.4292137986049056,471710218
253,in_fourier_swim,256,256,2,16,1e-08,0.1324506134222803,0.13824913187035542,0.1379111339619612,0.41326894890516996,881421932
254,in_fourier_swim,256,256,4,16,1e-10,0.17835923155631828,0.18351090928899583,0.1798151346977905,0.5234571173787117,914012051
255,in_fourier_swim,256,256,4,32,1e-06,0.11570361666737952,0.11924292847926032,0.11624831211171022,0.5668088560923934,41428252
256,in_fourier_swim,256,4096,4,8,1e-08,0.052886818970489344,0.06552489674806386,0.06481204793860335,20.075711659155786,901692551
257,in_fourier_swim,256,1024,4,32,1e-06,0.11304834009383254,0.12154330961744987,0.11776539193988542,2.1894305236637592,788934691
258,in_fourier_swim,256,1024,2,8,1e-06,0.04126925485479383,0.04575057780485349,0.04551924959145509,1.2303986260667443,796974465
259,in_fourier_swim,256,512,4,32,1e-06,0.1182535209271953,0.1241336679804397,0.12044081691139855,1.1095431614667177,151498678
260,in_fourier_swim,256,1024,1,32,1e-08,0.004646012588149548,0.0052601474930587195,0.005146463940899569,1.3944371761754155,618349870
261,in_fourier_swim,256,1024,4,16,1e-06,0.1290588579682863,0.1390547776639764,0.13654569101373726,2.0361185129731894,342901076
262,in_fourier_swim,256,2048,2,32,1e-10,0.007625638088410377,0.010049039918276992,0.009922536050154335,3.50009579770267,807853343
263,in_fourier_swim,256,2048,4,8,1e-06,0.0993073239428916,0.10973276780794977,0.10633292881902442,4.843559226021171,525338380
264,in_fourier_swim,256,256,4,16,1e-06,0.1765912297196253,0.18039595095958608,0.17663924387840416,0.5063035059720278,749140017
265,in_fourier_swim,256,4096,2,16,1e-06,0.01180709539025495,0.013922911989976161,0.013690916902418783,16.87880542408675,302424945
266,in_fourier_swim,256,256,1,16,1e-06,0.021048416230081024,0.021544449598720972,0.021114596783580478,0.21001872047781944,65367776
267,in_fourier_swim,256,2048,2,16,1e-06,0.03052596733727946,0.03516028346130512,0.0348485765759851,4.178087767213583,562632655
268,in_fourier_swim,256,2048,2,16,1e-08,0.014636472005487794,0.018021147655563362,0.017803618255844086,3.375174254179001,254603878
269,in_fourier_swim,256,4096,2,16,1e-08,0.003929922167079208,0.005798893359429322,0.005758768707103956,17.30083952471614,970580322
270,in_fourier_swim,256,1024,2,8,1e-06,0.04221890184964352,0.04704187202911342,0.0468485187380785,1.2274797931313515,478309631
271,in_fourier_swim,256,256,1,8,1e-06,0.02091261562941182,0.021433110389597484,0.021085063088844825,0.22839797101914883,735777596
272,in_fourier_swim,256,512,2,32,1e-06,0.07294088584379302,0.07894256709944968,0.07831313519346089,0.6626093098893762,855712410
273,in_fourier_swim,256,1024,1,16,1e-08,0.004533343639203187,0.0051590099841630575,0.005053269734531813,0.9935064753517509,448411843
274,in_fourier_swim,256,4096,1,8,1e-06,0.0026812112847120497,0.003574664288032964,0.0035714806854775,14.64414290431887,900440143
275,in_fourier_swim,256,1024,4,32,1e-08,0.08440335898947812,0.09311449747811097,0.09184957398081854,2.370569004677236,699279816
276,in_fourier_swim,256,512,2,16,1e-06,0.06392783946335336,0.06907209456264475,0.06815749431336335,0.7037371173501015,234062186
277,in_fourier_swim,256,4096,2,16,1e-10,0.0014206862029005043,0.0030221542417840884,0.0030033055370892654,17.648801520466805,528359334
278,in_fourier_swim,256,4096,4,32,1e-08,0.05562422736076386,0.06843114323783604,0.068099931938326,20.723614882677794,719991783
279,in_fourier_swim,256,512,2,32,1e-10,0.06594360588544747,0.07156591236645438,0.0710048585287859,0.7529886495321989,155275287
280,in_fourier_swim,256,512,2,16,1e-08,0.06160785849012305,0.06695822316802717,0.06577233081858742,0.6260243216529489,410228297
281,in_fourier_swim,256,256,4,16,1e-08,0.18921456349700502,0.19421841655563837,0.190746975376155,0.5384768573567271,419990857
282,in_fourier_swim,256,1024,1,32,1e-06,0.01241799557434096,0.013049169585113679,0.012771408285207736,1.1001795465126634,294540582
283,in_fourier_swim,256,2048,4,8,1e-10,0.038842130324375654,0.050185292032523816,0.0504648978361789,4.887869657017291,949938625
284,in_fourier_swim,256,256,2,16,1e-06,0.1310551590422881,0.13588103906059165,0.1352062962347471,0.3283995967358351,870884185
285,in_fourier_swim,256,256,1,8,1e-10,0.010696189097206099,0.011223687485579763,0.01103930750321688,0.2017922755330801,535886360
286,in_fourier_swim,256,512,2,16,1e-06,0.06524569104821931,0.07030053359672193,0.0693675175200478,0.6593110850080848,765828700
287,in_fourier_swim,256,1024,2,32,1e-10,0.01690461887064617,0.020005621564809548,0.019452180714361045,1.615863025188446,53914239
288,in_fourier_swim,256,512,2,16,1e-10,0.061295022032554144,0.06648391557344725,0.06576844800284164,0.7106955042108893,592808590
289,in_fourier_swim,256,512,1,8,1e-08,0.00673443099517687,0.007221109709661294,0.007152110818181486,0.37907032109797,975883317
290,in_fourier_swim,256,512,4,16,1e-10,0.10435567725589315,0.11084022018976547,0.1100404458952582,1.1919642081484199,266550507
291,in_fourier_swim,256,4096,4,8,1e-06,0.09604096699008506,0.10574583354333614,0.10362506294115766,20.542008511722088,71554703
292,in_fourier_swim,256,1024,1,8,1e-10,0.0025222375074700027,0.003090908242391752,0.0030745581155718136,0.8900784328579903,520726635
293,in_fourier_swim,256,256,2,32,1e-08,0.11776957826776549,0.12176138410093658,0.12120412997674665,0.38285178877413273,951391952
294,in_fourier_swim,256,2048,4,16,1e-06,0.09892991046040252,0.10880866785925114,0.10715006656583859,5.452880941331387,257138447
295,in_fourier_swim,256,1024,4,16,1e-10,0.056300644468982836,0.06442642901460068,0.06326791247632042,2.0414249766618013,429596948
296,in_fourier_swim,256,2048,1,16,1e-10,0.0011641456813547982,0.001786760936581944,0.0018278566670218315,2.747309618629515,206431192
297,in_fourier_swim,256,512,4,16,1e-06,0.11973018029457755,0.12560044349001895,0.12436859927873635,1.2135274950414896,284146721
298,in_fourier_swim,256,256,1,8,1e-08,0.011477093802493198,0.01211916933919614,0.011854047773898325,0.24104289710521698,738893203
299,in_fourier_swim,256,2048,2,8,1e-06,0.02963070803189381,0.0337664321850188,0.033690342112602675,3.3121680580079556,265460700
300,in_fourier_swim,256,1024,1,8,1e-10,0.0025635913569860896,0.0031404358127062864,0.0031290466603127788,0.940988882444799,140545512
301,in_fourier_swim,256,1024,4,8,1e-08,0.07982324244359265,0.08835703228504266,0.0871319519248599,2.04560443200171,890374245
302,in_fourier_swim,256,4096,1,16,1e-10,0.0004468364879723977,0.0010613996797166681,0.0010848382736985708,15.379821532405913,879312636
303,in_fourier_swim,256,2048,1,32,1e-06,0.007177273615707913,0.007938469450825117,0.007809041962488351,3.091757683083415,179349882
304,in_fourier_swim,256,2048,4,8,1e-08,0.060922536797546965,0.07124996071817098,0.06976185933866,5.0241037318482995,101166269
305,in_fourier_swim,256,512,2,32,1e-08,0.07472302169391264,0.08094318550657183,0.07991730552673469,0.7233367552980781,331816030
306,in_fourier_swim,256,512,2,16,1e-08,0.058382677146809975,0.06321444126671985,0.06256281224610408,0.6306551825255156,434408760
307,in_fourier_swim,256,256,2,32,1e-10,0.12291790457988301,0.12730947681120036,0.1275833482871177,0.33601371943950653,317268951
308,in_fourier_swim,256,4096,2,16,1e-10,0.0014783035704958288,0.003201790757968914,0.0031596778296298328,16.77196684293449,474969401
309,in_fourier_swim,256,256,2,8,1e-06,0.13958251101177155,0.14442577294698253,0.1417096587967195,0.3285759277641773,874890286
310,in_fourier_swim,256,1024,2,8,1e-10,0.017498505847413484,0.02071634638578609,0.020504666972539016,1.53235237672925,148407645
311,in_fourier_swim,256,2048,2,32,1e-06,0.030995436032799282,0.03527310245379332,0.03502110721434319,3.694938061758876,997849907
312,in_fourier_swim,256,4096,1,8,1e-06,0.0027654663265179514,0.00368575577070623,0.0036315890325269774,15.985208538360894,114706555
313,in_fourier_swim,256,1024,1,16,1e-10,0.0025796715689122987,0.00321193214137485,0.003145752068166552,1.027973179705441,113746496
314,in_fourier_swim,256,256,2,16,1e-10,0.129612840838915,0.13375787649755846,0.1329409762440123,0.28465364780277014,298168625
315,in_fourier_swim,256,256,4,32,1e-06,0.18447155878995725,0.19051146368477614,0.18802084524114446,0.5503612980246544,787384133
316,in_fourier_swim,256,2048,2,8,1e-06,0.030045565582379256,0.034533595141318006,0.034373388808028475,3.142118281684816,590887789
317,in_fourier_swim,256,2048,1,8,1e-06,0.007604242432080661,0.008352139417703311,0.00823535491816343,2.469479378312826,94818091
318,in_fourier_swim,256,256,4,16,1e-06,0.15738600398969665,0.1628995984024346,0.1594687372635684,0.5257199592888355,424171563
319,in_fourier_swim,256,2048,1,32,1e-06,0.007380533047662174,0.008100292977121781,0.007944481715442297,2.8346938211470842,157622000
320,in_fourier_swim,256,512,4,16,1e-06,0.1391935626421312,0.14528053857025947,0.14405473211538206,1.1559355547651649,369670741
321,in_fourier_swim,256,4096,1,16,1e-06,0.0025389249458949805,0.0034620405104297375,0.0034527069755698686,14.393135874532163,118150460
322,in_fourier_swim,256,512,2,8,1e-10,0.06100899231595449,0.0662125547127516,0.06542214233357219,0.5754307676106691,697381724
323,in_fourier_swim,256,256,2,8,1e-10,0.13516382610655267,0.14069274510500487,0.1388831817841592,0.2909460626542568,500540093
324,in_fourier_swim,256,4096,4,8,1e-06,0.09725892676639318,0.1072520043388985,0.10445984457324722,19.476525514386594,550413001
325,in_fourier_swim,256,1024,4,32,1e-10,0.06107010842197174,0.07064811231552272,0.07018893696842675,2.202211975120008,255026566
326,in_fourier_swim,256,256,4,32,1e-06,0.20101010740831315,0.2065814402965101,0.20586702750401006,0.54334766138345,731233949
327,in_fourier_swim,256,1024,4,8,1e-08,0.08055774392566696,0.08987491190413084,0.08719006938742374,2.1577473701909184,809138213
328,in_fourier_swim,256,2048,2,32,1e-08,0.014509293604191799,0.017960405261619083,0.017824384934484294,3.526789953932166,781019938
329,in_fourier_swim,256,2048,1,8,1e-06,0.007359647149384213,0.008111417253220368,0.007978045016440803,2.489001329988241,857694663
330,in_fourier_swim,256,2048,2,32,1e-10,0.008177791881341549,0.010917331750940833,0.01068447237124392,3.483294832520187,938096084
331,in_fourier_swim,256,256,4,32,1e-08,0.14204315510079213,0.14844641487327007,0.14543893596969024,0.575015657581389,655031372
332,in_fourier_swim,256,512,1,32,1e-10,0.005475506329029815,0.00604195118280641,0.005911378210321937,0.42691335640847683,474384879
333,in_fourier_swim,256,4096,4,32,1e-06,0.09782904797607797,0.10827021537238424,0.10724272913089353,24.25094500556588,802144636
334,in_fourier_swim,256,256,1,16,1e-10,0.01131660689894661,0.011809383773072028,0.011716230855223357,0.23779071494936943,834539256
335,in_fourier_swim,256,4096,1,8,1e-10,0.000724314225962044,0.0011368664358953789,0.001150635460052137,14.95839611440897,826412400
336,in_fourier_swim,256,2048,1,8,1e-10,0.0012458029624483247,0.0017583518592755088,0.0017758642413751632,2.4824419738724828,381564697
337,in_fourier_swim,256,1024,2,32,1e-06,0.04081933094727692,0.04576943887528672,0.04515862310839699,1.4565984942018986,700081293
338,in_fourier_swim,256,1024,2,32,1e-08,0.028411854403974493,0.03295668850912502,0.03254680036835203,1.4372977241873741,210254169
339,in_fourier_swim,256,1024,2,8,1e-08,0.028287952409804328,0.032996168478612316,0.032469831389167626,1.197552408091724,118318331
340,in_fourier_swim,256,2048,4,32,1e-10,0.03945481003935168,0.05037464093618668,0.050201480471062696,5.05066282954067,367370165
341,in_fourier_swim,256,1024,4,16,1e-08,0.07430749819812549,0.08249370057334046,0.08098543710304243,2.18670907150954,712889824
342,in_fourier_swim,256,512,4,32,1e-06,0.13427951687459844,0.14192727644217462,0.13883820445484774,1.2326111858710647,6161012
343,in_fourier_swim,256,1024,1,8,1e-08,0.004457520453783371,0.005038805178785131,0.0049599579129377186,1.025988114066422,459096435
344,in_fourier_swim,256,2048,2,32,1e-06,0.029225905200043485,0.03355293489471171,0.03313818333898439,3.2746205953881145,838105049
345,in_fourier_swim,256,4096,2,32,1e-06,0.011206694219562491,0.013234532133463902,0.013027165050416291,18.164546093903482,53621789
346,in_fourier_swim,256,1024,1,32,1e-08,0.004529729803986211,0.005144545699428928,0.005035450937591624,1.1288192998617887,13649313
347,in_fourier_swim,256,1024,2,16,1e-06,0.04362113001437212,0.04838011273371664,0.047990260646238514,1.402082628570497,827707267
348,in_fourier_swim,256,2048,4,16,1e-06,0.0929959834692234,0.10229822997800378,0.09981077661330436,4.878621420823038,125104391
349,in_fourier_swim,256,4096,1,16,1e-10,0.00045090899408213716,0.0010858356842939612,0.0011058841365879373,16.366145827807486,824059326
350,in_fourier_swim,256,1024,4,8,1e-06,0.11351179046381214,0.12224255009527739,0.11995078442547405,2.2528509786352515,209619035
351,in_fourier_swim,256,2048,1,8,1e-06,0.0073589931138510565,0.00808863332325688,0.007912984630932525,2.5562895499169827,119363186
352,in_fourier_swim,256,256,1,16,1e-10,0.010891176396800886,0.011413888158865498,0.011210421904642604,0.3045856496319175,484770037
353,in_fourier_swim,256,256,1,32,1e-10,0.01102920166932242,0.011556010622957141,0.011405784994517826,0.23624434508383274,257347607
354,in_fourier_swim,256,1024,2,8,1e-06,0.04408514116415454,0.049218514625233446,0.0489601932644984,1.2220952874049544,130896460
355,in_fourier_swim,256,512,1,8,1e-10,0.00553789138139146,0.00609899617532469,0.005963642968075503,0.3971809707581997,260943955
356,in_fourier_swim,256,256,1,16,1e-08,0.011807386084224656,0.01240119878907014,0.012258446193437468,0.21858510002493858,527546230
357,in_fourier_swim,256,1024,2,16,1e-06,0.04161885996723424,0.046595440846868744,0.046278919625519374,1.4776428425684571,610977097
358,in_fourier_swim,256,2048,1,32,1e-08,0.0024803262222776474,0.0031527222530695447,0.003106959916016092,3.0451820120215416,388906699
359,in_fourier_swim,256,2048,2,32,1e-10,0.008256859509405929,0.011010765853803164,0.010898777152667615,3.5878162188455462,12034094
360,in_fourier_swim,256,512,1,8,1e-10,0.005444515584774897,0.006045183946779014,0.005931138812140454,0.38306852523237467,39487329
361,in_fourier_swim,256,1024,2,32,1e-10,0.01761527496232393,0.020958530542481646,0.020468763031528222,1.53510323446244,330266656
362,in_fourier_swim,256,256,2,32,1e-10,0.12291758358885105,0.12827296976480332,0.1268984098862965,0.3412596024572849,866873855
363,in_fourier_swim,256,4096,1,16,1e-06,0.0025893765852652456,0.0034916061745432583,0.0034572938075184325,15.026386731304228,282686650
364,in_fourier_swim,256,256,1,8,1e-06,0.021218428973698182,0.021807046583952314,0.021399502023500085,0.1979717118665576,640025674
365,in_fourier_swim,256,256,2,8,1e-10,0.11783576880124999,0.12170500960531905,0.1217358819419133,0.2773889070376754,325229846
366,in_fourier_swim,256,512,1,16,1e-10,0.005432865247185771,0.006068620534750951,0.005967058485814301,0.5259839938953519,315329051
367,in_fourier_swim,256,4096,1,8,1e-08,0.0010570224448155313,0.0016614989357893065,0.0016552340068539868,16.51755114365369,489128468
368,in_fourier_swim,256,2048,4,8,1e-08,0.06487408317311774,0.07523706249734513,0.0740986899697352,4.768933526240289,692930955
369,in_fourier_swim,256,4096,4,8,1e-10,0.026339063816888046,0.0407026228080153,0.041085311262084936,20.47744052950293,798386860
370,in_fourier_swim,256,2048,1,16,1e-06,0.007606404046208492,0.008304974319314809,0.00819285431653764,2.7816048078238964,611045774
371,in_fourier_swim,256,512,2,8,1e-08,0.07302920860231314,0.07924585064423542,0.07825619584382167,0.6117216385900974,877641258
372,in_fourier_swim,256,512,4,8,1e-06,0.12267561052649062,0.12838739172493988,0.1253188326064088,1.0048321392387152,759313427
373,in_fourier_swim,256,4096,4,32,1e-06,0.09487869890612878,0.10500855041951619,0.10240126155552927,20.430219795554876,133646645
374,in_fourier_swim,256,256,4,8,1e-10,0.17118932002100198,0.17771609721092083,0.17601562381040117,0.5418736711144447,474044183
375,in_fourier_swim,256,512,2,8,1e-08,0.06209458304836375,0.06767088813526927,0.06687379397330792,0.5808043666183949,937178728
376,in_fourier_swim,256,2048,2,16,1e-08,0.014329901207858202,0.017620907776169488,0.01735408882112272,3.4691958632320166,633985443
377,in_fourier_swim,256,512,4,8,1e-08,0.10335462887420087,0.11038514061260497,0.10814215481139879,1.017363477498293,300323584
378,in_fourier_swim,256,4096,2,8,1e-08,0.004130046819027549,0.0060087481386508,0.005895369592552107,16.69906444940716,663591323
379,in_fourier_swim,256,4096,4,16,1e-06,0.09965904831996278,0.1101170196141553,0.10778700164061976,20.68460698518902,128469598
380,in_fourier_swim,256,512,1,8,1e-08,0.006656948414610311,0.007175758023668874,0.007072978873759424,0.37730918265879154,292518662
381,in_fourier_swim,256,1024,1,16,1e-08,0.004611941939251573,0.005233210850676373,0.005107826168084829,1.060808033682406,666516354
382,in_fourier_swim,256,512,1,16,1e-08,0.006674237212171524,0.0072020790774786824,0.007064155566274974,0.4073428241536021,635783737
383,in_fourier_swim,256,4096,1,16,1e-10,0.0004428378498931402,0.0010502059069465342,0.0010747186612490097,15.089760048314929,149249688
384,in_fourier_swim,256,4096,4,16,1e-08,0.05156136117504193,0.06437359911723399,0.06400112329728483,20.662948281504214,377734649
385,in_fourier_swim,256,1024,1,32,1e-08,0.004611863464043002,0.005222851442558661,0.005133555745600855,1.2041888013482094,273085234
386,in_fourier_swim,256,1024,1,16,1e-06,0.012475403435650541,0.013144366083784253,0.01282117309205764,0.9837334416806698,24841443
387,in_fourier_swim,256,2048,1,8,1e-10,0.0012559653433687982,0.0017752343380091468,0.0017967125644512284,2.4861222384497523,92062452
388,in_fourier_swim,256,256,2,8,1e-08,0.1252202447282108,0.13014905215990477,0.12793492286514552,0.3018897483125329,293050369
389,in_fourier_swim,256,1024,4,8,1e-10,0.060645723749817027,0.06993015396340757,0.06909820591890035,2.179657170549035,130366961
390,in_fourier_swim,256,4096,4,8,1e-10,0.027095300769842432,0.04201715184194921,0.041528683589451124,20.427866619080305,283680764
391,in_fourier_swim,256,512,4,8,1e-10,0.10367890802802093,0.11062087232500094,0.10926598034634187,1.0391086647287011,151280348
392,in_fourier_swim,256,2048,1,32,1e-08,0.002466918586460228,0.003149098422912513,0.0031087909890683083,2.9798053819686174,458979220
393,in_fourier_swim,256,256,1,8,1e-10,0.01133844522103802,0.011797486405447605,0.01174395949423952,0.20459502935409546,990105212
394,in_fourier_swim,256,2048,2,16,1e-06,0.028101619281621266,0.032134481534449956,0.03213615671414603,3.301878722384572,526776464
395,in_fourier_swim,256,512,4,8,1e-08,0.11322267495883626,0.12008107563930266,0.11932784859820314,1.0159567762166262,492014681
396,in_fourier_swim,256,1024,1,32,1e-06,0.01242238020343892,0.01300601450650318,0.012776841422735174,0.991677719168365,870414418
397,in_fourier_swim,256,256,2,32,1e-08,0.12248339174727617,0.12738885019796772,0.12670213047992668,0.34837824013084173,707987424
398,in_fourier_swim,256,1024,1,16,1e-06,0.012702912429117457,0.013381081013689022,0.013070704368513784,1.0177201610058546,85935713
399,in_fourier_swim,256,512,2,32,1e-10,0.05843728545141908,0.06354123835021705,0.06285927664273444,0.7341916421428323,701482012
400,in_fourier_swim,256,512,1,16,1e-06,0.01736294586213365,0.01788115788475052,0.017526335793536633,0.42510808166116476,561242325
401,in_fourier_swim,256,4096,1,32,1e-10,0.0004502770703284148,0.00105665987213803,0.001093801733405711,15.369586111977696,58942072
402,in_fourier_swim,256,4096,1,32,1e-10,0.0004516374269240211,0.0010906269262341995,0.001105428155031795,15.216995633207262,221290476
403,in_fourier_swim,256,4096,2,32,1e-06,0.011254651174090469,0.013313619204815877,0.01312435530388628,16.70869572274387,222641293
404,in_fourier_swim,256,4096,4,8,1e-10,0.027228518049545715,0.042196144294689396,0.04161451435792143,19.806858176365495,809427984
