,architecture,input_dim,layer_width,n_layers,n_modes,batch_size,learning_rate,n_epochs,patience,print_every,weight_decay,train_rel_l2,val_rel_l2,test_rel_l2,time_spent,seed
0,in_fourier,256,512,2,8,64,1e-05,5000,200,1,0.0,0.005299430892896688,0.029632197530948142,0.028826940512709457,3177.1321898372844,248326989
1,in_fourier,256,2048,2,32,64,1e-05,5000,200,1,0.0,0.0012642030967035254,0.02021772770770647,0.01977984766175724,5926.817753002979,99167876
2,in_fourier,256,256,4,8,64,0.0001,5000,200,1,0.0,0.005239797051888663,0.012825265808265733,0.013768447890284159,2639.492844812572,93518171
3,in_fourier,256,4098,1,16,64,1e-05,5000,200,1,0.0,0.007605826017552685,0.019541810303379002,0.019003945908574474,2655.0099620632827,627726487
4,in_fourier,256,512,1,32,64,0.0005,5000,200,1,0.0,0.005960745620443446,0.0061716210356595426,0.006141658143240878,485.551594405435,922209073
5,in_fourier,256,512,2,32,64,0.0001,5000,200,1,0.0,0.003201821109632417,0.005772362774280785,0.005746002810701498,1631.1540559902787,857468944
6,in_fourier,256,4098,1,32,64,5e-05,5000,200,1,0.0,0.003443275251358247,0.005349598117777081,0.005342125524709027,2123.140788358636,456186077
7,in_fourier,256,1024,4,8,64,1e-05,5000,200,1,0.0,0.005415320683781854,0.06463029751425664,0.06207558553869214,4634.373483599164,804244353
8,in_fourier,256,512,2,16,64,1e-05,5000,200,1,0.0,0.003709047805956286,0.014879446380491058,0.014526630077504663,2653.1133256414905,27015083
9,in_fourier,256,2048,1,8,64,5e-05,5000,200,1,0.0,0.0031842242003956036,0.007021218137908601,0.00694677094789511,2141.907123234123,482279700
10,in_fourier,256,2048,2,16,64,1e-05,5000,200,1,0.0,0.0025173834919850154,0.03539437874696819,0.03451901144476925,5363.042033759877,173378802
11,in_fourier,256,1024,2,16,64,0.0005,5000,200,1,0.0,0.025187487463567134,0.038574055510227606,0.03801003650626987,201.63113676849753,378240058
12,in_fourier,256,2048,4,16,64,1e-05,5000,200,1,0.0,0.003937581067317929,0.048988893559372984,0.049509273955566015,9917.598301393911,667573792
13,in_fourier,256,4098,4,32,64,0.0001,5000,200,1,0.0,0.016844241706200025,0.04226715969000376,0.04107604308193222,4273.423709173687,686500248
14,in_fourier,256,256,1,32,64,1e-05,5000,200,1,0.0,0.015228142913874814,0.015491065079788851,0.015402098781400374,2035.4946898659691,330788176
15,in_fourier,256,1024,4,32,64,1e-05,5000,200,1,0.0,0.003101616042493216,0.02463723490180684,0.024139511062398197,4619.387139645405,757510013
16,in_fourier,256,512,2,16,64,0.0001,5000,200,1,0.0,0.0035590806083175917,0.013188780053313382,0.012936119467984564,1603.6855824356899,910850934
17,in_fourier,256,512,2,8,64,5e-05,5000,200,1,0.0,0.0031382582925343354,0.02683518824405336,0.025770981966708774,2566.526664543897,622661031
18,in_fourier,256,512,4,8,64,1e-05,5000,200,1,0.0,0.008499196943325092,0.042127572525407504,0.0411573329114328,3268.5770801603794,737190149
19,in_fourier,256,256,1,8,64,0.0005,5000,200,1,0.0,0.006822390965436791,0.00701822194207166,0.007012371161830662,357.42479842249304,873085278
20,in_fourier,256,512,1,8,64,0.0005,5000,200,1,0.0,0.005782077850707306,0.0060945398953890706,0.006059222785760224,528.6446392470971,762378431
21,in_fourier,256,1024,2,8,64,0.0001,5000,200,1,0.0,0.0077967348741757045,0.046838276115568615,0.045385579830893766,564.8079736605287,351692243
22,in_fourier,256,2048,2,8,64,1e-05,5000,200,1,0.0,0.0023467635923723677,0.07208461161287144,0.06975960195281906,5262.1471559284255,241111073
23,in_fourier,256,512,1,32,64,0.0001,5000,200,1,0.0,0.003569942708830768,0.0038365154633094203,0.0037935302517640027,1530.414495324716,974602584
24,in_fourier,256,512,2,32,64,5e-05,5000,200,1,0.0,0.0021875103098496626,0.004398885654264375,0.0043159583195739185,2626.188592456281,398392840
25,in_fourier,256,1024,1,32,64,1e-05,5000,200,1,0.0,0.007818618909966121,0.008308454889111356,0.008427583037771044,2658.879288136959,294410577
26,in_fourier,256,1024,1,16,64,1e-05,5000,200,1,0.0,0.008674265163869927,0.009936207833366708,0.009944249386227578,2453.230001452379,526149029
27,in_fourier,256,4098,4,32,64,5e-05,5000,200,1,0.0,0.016259385372660723,0.04186529871778463,0.040280092046072566,3622.57964876201,195079294
28,in_fourier,256,4098,1,32,64,0.0005,5000,200,1,0.0,0.008027621306905618,0.008900765371295048,0.0089280517855398,671.8231174154207,939304252
29,in_fourier,256,2048,2,16,64,0.0001,5000,200,1,0.0,0.009369421631340427,0.03320222530284471,0.032831670150708585,752.3054343080148,420698304
30,in_fourier,256,2048,4,32,64,1e-05,5000,200,1,0.0,0.0030582285242244543,0.03249316914393242,0.03188443133582352,10309.454294361174,774263534
31,in_fourier,256,256,1,8,64,0.0001,5000,200,1,0.0,0.004143574389559483,0.004331055498402343,0.0043230807747495084,1729.889121150598,747466366
32,in_fourier,256,512,4,32,64,0.0005,5000,200,1,0.0,0.028450909670544387,0.04148187827873827,0.04253181036303091,192.8312783734873,668574295
33,in_fourier,256,4098,2,8,64,0.0005,5000,200,1,0.0,0.030389294825248738,0.03970829489755293,0.03946807449174268,4576.577153273858,88239750
34,in_fourier,256,2048,1,16,64,0.0005,5000,200,1,0.0,0.006346442023809757,0.00726610869327497,0.00716209067561078,572.2550970949233,639364819
35,in_fourier,256,2048,2,16,64,0.0005,5000,200,1,0.0,0.032261348117447554,0.04478944864720476,0.04446712701408695,591.9305705912411,533482199
36,in_fourier,256,1024,2,8,64,5e-05,5000,200,1,0.0,0.004022526755874095,0.044602027509835884,0.04338867786352169,1621.0400141160935,283391634
37,in_fourier,256,4098,1,32,64,0.0001,5000,200,1,0.0,0.0035951720466258987,0.00494985957399149,0.004917408974633201,1584.3697254434228,329878628
38,in_fourier,256,2048,2,16,64,5e-05,5000,200,1,0.0,0.005706286854975029,0.03271139936736701,0.032016048477403726,1683.717424591072,504265531
39,in_fourier,256,2048,1,32,64,5e-05,5000,200,1,0.0,0.003581050943326491,0.004191161400265533,0.004150138950672396,1802.3360786838457,827102229
40,in_fourier,256,512,2,16,64,0.0005,5000,200,1,0.0,0.0183679800236348,0.03154564582060694,0.03124410010096001,192.6444257972762,751083165
41,in_fourier,256,1024,1,32,64,0.0001,5000,200,1,0.0,0.003718270661241676,0.004043814561692324,0.003965421674920673,1229.5451883487403,761755159
42,in_fourier,256,2048,1,32,64,1e-05,5000,200,1,0.0,0.006524306585156402,0.007668169060849471,0.007709756105514851,2457.560494239442,443060483
43,in_fourier,256,4098,1,8,64,0.0001,5000,200,1,0.0,0.003277462135956921,0.020301871216832006,0.019745435628738685,2699.299155935645,379882494
44,in_fourier,256,1024,1,32,64,5e-05,5000,200,1,0.0,0.0037991156508734632,0.0041605326077404645,0.004159287065869313,2019.9454847481102,763195388
45,in_fourier,256,1024,4,8,64,0.0005,5000,200,1,0.0,0.037526552132416444,0.07887596668745327,0.07990791915017295,357.3318795654923,575646444
46,in_fourier,256,256,2,32,64,0.0001,5000,200,1,0.0,0.004470945104853126,0.005358227645816158,0.005285213237335001,1303.6871251016855,676178472
47,in_fourier,256,4098,1,8,64,5e-05,5000,200,1,0.0,0.0035243525362691577,0.02426831530644778,0.0241886407460415,2406.5386669524014,193717731
48,in_fourier,256,512,1,8,64,5e-05,5000,200,1,0.0,0.0031931138750693226,0.0035120222425660316,0.003469999777667865,1947.5222823247313,930571607
49,in_fourier,256,1024,4,8,64,0.0001,5000,200,1,0.0,0.016078394843869668,0.06828750494336165,0.06489178346435853,483.24025356490165,202605528
50,in_fourier,256,256,2,32,64,5e-05,5000,200,1,0.0,0.003991236679822156,0.004723162349690224,0.004686056056488235,1621.2215787963942,677163010
51,in_fourier,256,256,4,8,64,0.0001,5000,200,1,0.0,0.00555997857051066,0.01377081583918221,0.014459379652715149,2581.0325079029426,956133616
52,in_fourier,256,512,1,32,64,0.0005,5000,200,1,0.0,0.005356091796133402,0.005572206939238186,0.005527273219000441,664.1995343640447,962984815
53,in_fourier,256,512,1,8,64,1e-05,5000,200,1,0.0,0.013491807350053103,0.014750142873560813,0.01475105170908242,1973.1311297435313,582794388
54,in_fourier,256,512,1,8,64,0.0005,5000,200,1,0.0,0.005406738277512675,0.005704078069615453,0.005683007821923197,389.1510542416945,760355513
55,in_fourier,256,256,1,32,64,0.0001,5000,200,1,0.0,0.003999321368016349,0.004157976506266922,0.004181905297555947,1954.3312162561342,273248124
56,in_fourier,256,256,4,8,64,5e-05,5000,200,1,0.0,0.004990005578755596,0.01273955796039252,0.012762222938763834,3222.676021888852,431923285
57,in_fourier,256,4098,2,32,64,0.0005,5000,200,1,0.0,0.032587277359596156,0.03878795510339939,0.03822803655531185,2986.117899547331,892393304
58,in_fourier,256,256,4,16,64,0.0005,5000,200,1,0.0,0.018858452935346878,0.02995370878387092,0.029785587654724378,461.3637965284288,385529128
59,in_fourier,256,2048,4,8,64,0.0005,5000,200,1,0.0,0.043617044906833886,0.06980447016789393,0.06939624379141474,2960.829055304639,773247571
60,in_fourier,256,512,1,8,64,0.0001,5000,200,1,0.0,0.0033254247987032437,0.0035940206797987237,0.0036072148108466052,1830.724456309341,410024238
61,in_fourier,256,256,4,8,64,5e-05,5000,200,1,0.0,0.005126732053601754,0.013200544625906878,0.01277911283261139,3319.911126336083,387389017
62,in_fourier,256,256,1,32,64,5e-05,5000,200,1,0.0,0.0048067646199158485,0.005054398835088587,0.0050169422458910835,2075.744550864212,841129234
63,in_fourier,256,256,1,32,64,5e-05,5000,200,1,0.0,0.004793279061800463,0.005015149632020348,0.0049672043497096235,2187.0079004699364,105919325
64,in_fourier,256,4098,2,32,64,0.0001,5000,200,1,0.0,0.013858086225474067,0.026556800446864124,0.026910119634414482,1624.7170773167163,252087631
65,in_fourier,256,256,4,8,64,1e-05,5000,200,1,0.0,0.01464763664803009,0.03212425667663387,0.031033607352510383,3243.126585604623,936385547
66,in_fourier,256,4098,1,16,64,0.0001,5000,200,1,0.0,0.0033595208450543394,0.008901398413740469,0.008723897166120162,2296.3337688911706,431804694
67,in_fourier,256,4098,2,8,64,1e-05,5000,200,1,0.0,0.004637605134845049,0.08931604760204959,0.08684040857181193,16541.287722312845,179187062
68,in_fourier,256,256,1,32,64,1e-05,5000,200,1,0.0,0.014698363199908292,0.014965012522310809,0.014916354982088936,2390.9171894509345,741882273
69,in_fourier,256,4098,1,16,64,5e-05,5000,200,1,0.0,0.00333808200227301,0.009899008600780001,0.009863805336887134,2458.724272597581,720790704
70,in_fourier,256,4098,1,32,64,0.0005,5000,200,1,0.0,0.006127754095945978,0.007305390911030998,0.007229905411117552,1064.5531553532928,997627981
71,in_fourier,256,4098,1,16,64,0.0005,5000,200,1,0.0,0.00880935473981016,0.0117107646466662,0.01170633408606251,451.6418528435752,221021609
72,in_fourier,256,1024,2,8,64,0.0005,5000,200,1,0.0,0.02417901683841892,0.05734426990911557,0.056498506797577674,234.9856728427112,490247347
73,in_fourier,256,2048,2,16,64,1e-05,5000,200,1,0.0,0.0020319142755237905,0.035450894163450146,0.034599036803703645,5369.857023711316,291378289
74,in_fourier,256,256,4,16,64,0.0001,5000,200,1,0.0,0.004760081946203084,0.008434831713596132,0.008552471048469268,2189.3348703021184,68165448
75,in_fourier,256,1024,4,32,64,5e-05,5000,200,1,0.0,0.00704356594516805,0.02695414122027028,0.02643049804673829,1049.757762985304,429644877
76,in_fourier,256,256,2,32,64,0.0005,5000,200,1,0.0,0.010029755699780952,0.012103007044275573,0.012019615443982093,563.4473928268999,429815903
77,in_fourier,256,4098,4,8,64,0.0001,5000,200,1,0.0,0.012734149035683621,0.07736399789299493,0.07602907232512267,8217.897069541737,508323358
78,in_fourier,256,2048,2,16,64,5e-05,5000,200,1,0.0,0.005151483672514627,0.03209547567069504,0.03224812767102589,1470.514507501386,908082932
79,in_fourier,256,256,4,16,64,0.0005,5000,200,1,0.0,0.016570988710290446,0.025969804852813687,0.025024247121194006,562.3114370610565,154361914
80,in_fourier,256,256,2,16,64,1e-05,5000,200,1,0.0,0.006414693785781245,0.008624404363353242,0.008584396379519995,2575.3161853067577,397935148
81,in_fourier,256,1024,4,32,64,0.0001,5000,200,1,0.0,0.012064892487888706,0.03073736765548019,0.030545103274120165,477.2868128027767,57600557
82,in_fourier,256,4098,4,8,64,0.0005,5000,200,1,0.0,0.0453073421855613,0.060531803600649005,0.06044355988021786,14342.555644840002,588147758
83,in_fourier,256,256,4,16,64,0.0001,5000,200,1,0.0,0.00625045053685369,0.010580383658977534,0.010462400587550038,1213.9439218668267,900689401
84,in_fourier,256,512,1,16,64,1e-05,5000,200,1,0.0,0.010251733726108,0.010868332906720997,0.010862009258287043,1820.6939729582518,433212784
85,in_fourier,256,1024,2,16,64,1e-05,5000,200,1,0.0,0.0018646082678579758,0.02595177063812578,0.025526569155089922,2850.8635933324695,70757234
86,in_fourier,256,2048,2,32,64,0.0001,5000,200,1,0.0,0.009509474401035346,0.0211651658610033,0.021319354912575222,639.3944415627047,817308129
87,in_fourier,256,4098,2,16,64,0.0005,5000,200,1,0.0,0.03056017996771369,0.038367624099504755,0.03893797319081394,4644.268128519878,637669064
88,in_fourier,256,4098,4,8,64,0.0001,5000,200,1,0.0,0.012693592899669794,0.07465343218050317,0.07412003609929695,8242.883253563195,681151302
89,in_fourier,256,2048,2,32,64,0.0005,5000,200,1,0.0,0.030148397582087753,0.04013833491435271,0.0392856906940436,792.3942408505827,953657036
90,in_fourier,256,256,1,16,64,1e-05,5000,200,1,0.0,0.014817793472360093,0.015193729601308166,0.015057195720184597,1775.4349832572043,443314409
91,in_fourier,256,512,1,8,64,0.0001,5000,200,1,0.0,0.0032001680268294755,0.003451987254594105,0.003460734510147823,1541.9570893719792,686972424
92,in_fourier,256,256,1,8,64,0.0001,5000,200,1,0.0,0.004087501051172397,0.004275079175354761,0.004242742126331046,1974.9543848056346,394153588
93,in_fourier,256,4098,2,16,64,1e-05,5000,200,1,0.0,0.0034656114206924153,0.044033664024850844,0.042642504160607435,16502.93394065462,36024642
94,in_fourier,256,1024,4,32,64,0.0001,5000,200,1,0.0,0.012583646880501322,0.0314480388637526,0.030543590311556915,469.91562058310956,511344469
95,in_fourier,256,4098,4,16,64,0.0001,5000,200,1,0.0,0.019672267703219882,0.0529183245593936,0.0513510795375846,3614.9466557931155,900221645
96,in_fourier,256,256,1,32,64,1e-05,5000,200,1,0.0,0.014333304117665311,0.014676840854911116,0.014546590803393926,1948.4778452543542,927472834
97,in_fourier,256,1024,2,16,64,0.0005,5000,200,1,0.0,0.0250571536303472,0.0389595262647744,0.03843113700669957,186.09789188206196,919143979
98,in_fourier,256,256,1,8,64,5e-05,5000,200,1,0.0,0.004619163543748465,0.0048803295364890096,0.0048532889180217505,2004.5116445515305,356752994
99,in_fourier,256,4098,2,16,64,5e-05,5000,200,1,0.0,0.00661299313604575,0.039399254386063016,0.03864518178498635,3955.691102235578,976206788
100,in_fourier,256,512,4,32,64,5e-05,5000,200,1,0.0,0.0037814267087462015,0.01252692733426616,0.012083547399892767,2106.971068944782,353183939
101,in_fourier,256,4098,2,32,64,5e-05,5000,200,1,0.0,0.008753076646232297,0.024864210146524558,0.025255478178182935,2473.929460985586,743304615
102,in_fourier,256,4098,4,8,64,1e-05,5000,200,1,0.0,0.011720503629899834,0.11849449654386744,0.11454606237593373,32098.80739770271,647323813
103,in_fourier,256,256,1,16,64,5e-05,5000,200,1,0.0,0.004923423053122056,0.005166542971101608,0.005114105066809254,2128.94778069295,429352046
104,in_fourier,256,4098,4,16,64,1e-05,5000,200,1,0.0,0.005250857343315582,0.06871152982510274,0.06798865444310845,18116.82370251324,952764843
105,in_fourier,256,4098,4,32,64,1e-05,5000,200,1,0.0,0.004561518067592239,0.039978141531237944,0.03956474537003355,13287.789136807434,599124426
106,in_fourier,256,1024,4,32,64,0.0005,5000,200,1,0.0,0.04649997893610786,0.060645533655800506,0.058875195246129004,275.0245321113616,454457901
107,in_fourier,256,4098,4,16,64,0.0005,5000,200,1,0.0,0.05088271659037974,0.061546330077365,0.06111883033178145,9352.191939136945,628704702
108,in_fourier,256,512,1,16,64,5e-05,5000,200,1,0.0,0.004031685676417922,0.0043412942644307315,0.004324483959280163,1802.2328659202904,95392685
109,in_fourier,256,512,1,16,64,0.0001,5000,200,1,0.0,0.003429405586937138,0.003711700697746885,0.0036902974687300213,1564.227557794191,549967243
110,in_fourier,256,4098,1,8,64,0.0001,5000,200,1,0.0,0.003322347083688826,0.020381709465281717,0.020243053027970855,2493.922758168541,834717738
111,in_fourier,256,4098,4,8,64,5e-05,5000,200,1,0.0,0.010421162150463133,0.10155798086236235,0.09771852676452694,5269.792669228278,785560747
112,in_fourier,256,512,4,32,64,0.0001,5000,200,1,0.0,0.00661969059033859,0.017541088215084915,0.016456792675585478,995.544985389337,435825584
113,in_fourier,256,512,1,16,64,5e-05,5000,200,1,0.0,0.0035796786679716005,0.0038669602361180284,0.0038517904804311336,2198.941635743715,291813350
114,in_fourier,256,4098,2,32,64,0.0001,5000,200,1,0.0,0.013194502867437013,0.027199589680951274,0.02722465095893321,1865.5712206549942,715585819
115,in_fourier,256,4098,2,32,64,0.0005,5000,200,1,0.0,0.03261176005876218,0.038309387478071014,0.03841818199780162,3376.6337453033775,988891434
116,in_fourier,256,2048,1,32,64,0.0001,5000,200,1,0.0,0.0038795572455430625,0.004401301600970883,0.00434242173613087,1114.190430643037,456345819
117,in_fourier,256,4098,4,8,64,1e-05,5000,200,1,0.0,0.008953127388097244,0.11772859293319804,0.11446458009092467,26453.498843031004,420514720
118,in_fourier,256,2048,2,32,64,5e-05,5000,200,1,0.0,0.005411793432583743,0.019600658694385827,0.019421163260581423,1281.6794702699408,297021302
119,in_fourier,256,2048,2,16,64,0.0001,5000,200,1,0.0,0.009706880715815382,0.03306425270496062,0.031624943563120095,660.7098571388051,38505834
120,in_fourier,256,512,4,8,64,5e-05,5000,200,1,0.0,0.0037655818077925065,0.03615232922177164,0.035626541393501646,3171.9955212092027,289820177
121,in_fourier,256,256,2,8,64,0.0001,5000,200,1,0.0,0.004235676444438246,0.005835918922167331,0.005783551564305554,1459.5365242697299,789497154
122,in_fourier,256,256,2,16,64,1e-05,5000,200,1,0.0,0.006410810809299744,0.008590153533976005,0.008490925257925244,2593.4833501027897,288020779
123,in_fourier,256,4098,1,8,64,1e-05,5000,200,1,0.0,0.009012287043668512,0.03303835520254543,0.03218816541457162,2212.1297129252926,312799273
124,in_fourier,256,4098,2,8,64,0.0005,5000,200,1,0.0,0.02997124583318673,0.03976634799208462,0.03945063234135322,4283.769700111821,881180835
125,in_fourier,256,512,4,8,64,0.0005,5000,200,1,0.0,0.03507469021871955,0.06792595645800814,0.06678539422222186,176.44114900473505,617088768
126,in_fourier,256,256,1,8,64,0.0001,5000,200,1,0.0,0.00381809032506386,0.004006127224092454,0.003997151406385309,1982.8916875310242,515815848
127,in_fourier,256,512,1,16,64,0.0005,5000,200,1,0.0,0.005383337942784602,0.005641710701155568,0.005519674936557237,504.1605096673593,705645845
128,in_fourier,256,256,2,8,64,1e-05,5000,200,1,0.0,0.011623376837898998,0.019602527146240462,0.019234268554576633,2425.1840694043785,889034961
129,in_fourier,256,2048,4,32,64,0.0001,5000,200,1,0.0,0.017638006750996107,0.036955554119405855,0.03670472645622732,782.487221349962,481462418
130,in_fourier,256,1024,2,16,64,0.0001,5000,200,1,0.0,0.0054028652541935045,0.02851291643685374,0.027768465272903355,575.6503453105688,145681542
131,in_fourier,256,1024,4,16,64,5e-05,5000,200,1,0.0,0.006717018827748611,0.038208539165627206,0.03838625699978185,1049.8616105597466,23918790
132,in_fourier,256,256,2,16,64,0.0005,5000,200,1,0.0,0.009082990785353318,0.011911016618784418,0.011933618592691755,599.8495951117948,239650063
133,in_fourier,256,4098,2,16,64,1e-05,5000,200,1,0.0,0.002651727758008746,0.043730030571385185,0.043305534936583935,15780.082782958634,73532869
134,in_fourier,256,2048,4,8,64,1e-05,5000,200,1,0.0,0.006860918729219851,0.08184681754244212,0.0812237833550718,13132.552458241582,749801093
135,in_fourier,256,2048,2,8,64,0.0001,5000,200,1,0.0,0.009862418550076442,0.05229553319626385,0.05060978426984036,793.296312646009,877886837
136,in_fourier,256,256,1,16,64,5e-05,5000,200,1,0.0,0.004803433546893185,0.005024623565356852,0.004982814627224037,1916.3753057532012,13844200
137,in_fourier,256,2048,4,16,64,1e-05,5000,200,1,0.0,0.0035765866013325225,0.053144247025086355,0.05379841386166488,11449.165466905572,843260373
138,in_fourier,256,256,1,16,64,0.0001,5000,200,1,0.0,0.0038389362572662615,0.004030863935141566,0.004009806823210089,1873.3453081147745,470673417
139,in_fourier,256,4098,4,16,64,5e-05,5000,200,1,0.0,0.008278600107748295,0.06543531292125142,0.06384769033801548,5143.3928077491,204395595
140,in_fourier,256,2048,4,32,64,5e-05,5000,200,1,0.0,0.009744809867258623,0.03428813803202359,0.033777227369782836,1291.3287204820663,86381478
141,in_fourier,256,2048,1,32,64,0.0005,5000,200,1,0.0,0.007649206414598393,0.008017341623371364,0.007997481947418292,437.2781842574477,725967611
142,in_fourier,256,512,4,8,64,0.0001,5000,200,1,0.0,0.00712252919353822,0.04083925996220338,0.03993299340264748,1060.539960171096,331282325
143,in_fourier,256,2048,4,16,64,0.0005,5000,200,1,0.0,0.04996293045334788,0.06831820190291601,0.06712520653463515,2061.574113395065,973639789
144,in_fourier,256,4098,1,16,64,0.0001,5000,200,1,0.0,0.0033751652309123355,0.008423842854374487,0.008412221195612062,2227.352743862197,260411253
145,in_fourier,256,4098,4,8,64,0.0005,5000,200,1,0.0,0.04585210083004283,0.05977771465744112,0.058993972260923344,13293.70968241524,718374992
146,in_fourier,256,512,1,16,64,0.0005,5000,200,1,0.0,0.0058409062507098035,0.006073570793267554,0.006034512566511873,479.6541293198243,694214337
147,in_fourier,256,4098,1,8,64,0.0005,5000,200,1,0.0,0.007033956659049786,0.011727357230833504,0.011635960131962983,970.8074959479272,58182377
148,in_fourier,256,2048,1,32,64,5e-05,5000,200,1,0.0,0.002827393555145455,0.0033069629169049292,0.0032915275542361572,2214.5031763557345,61530492
149,in_fourier,256,2048,4,8,64,1e-05,5000,200,1,0.0,0.004556729896382343,0.086180348640928,0.08806324986012731,10790.607534389943,317249252
150,in_fourier,256,2048,4,32,64,1e-05,5000,200,1,0.0,0.0030816869132473555,0.032396326354155326,0.03160763978411926,8413.531286866404,767284351
151,in_fourier,256,2048,4,8,64,5e-05,5000,200,1,0.0,0.01228012381582523,0.09007775123155022,0.0871222492944071,1955.5448751598597,508871154
152,in_fourier,256,4098,4,8,64,0.0001,5000,200,1,0.0,0.017060014100259587,0.07546496681500747,0.07546576416881165,6156.108373373747,514472149
153,in_fourier,256,512,2,8,64,0.0001,5000,200,1,0.0,0.005308249303391446,0.03294878285842314,0.03167290978870664,914.5875426977873,932891367
154,in_fourier,256,512,4,32,64,5e-05,5000,200,1,0.0,0.0036192316509631867,0.011465017887551046,0.011728278625478492,2248.8716455847025,28281500
155,in_fourier,256,4098,4,8,64,1e-05,5000,200,1,0.0,0.013494498566242906,0.1218469321620439,0.12092901274667897,34097.956901784986,735653562
156,in_fourier,256,4098,2,8,64,0.0001,5000,200,1,0.0,0.013231102518100557,0.06282087331892433,0.06129020258030437,4553.25418866612,967860835
157,in_fourier,256,512,4,8,64,0.0001,5000,200,1,0.0,0.007865048530240637,0.04213935903524638,0.040159276484193665,901.158018425107,278579832
158,in_fourier,256,1024,4,8,64,1e-05,5000,200,1,0.0,0.004952483043548562,0.06445566082388128,0.06265605995008677,4013.6189191592857,253294475
159,in_fourier,256,4098,1,8,64,5e-05,5000,200,1,0.0,0.0033789680884815203,0.024869824794553106,0.024624580641757442,2251.8990721851587,423122830
160,in_fourier,256,1024,1,32,64,0.0005,5000,200,1,0.0,0.006070098733218349,0.006347539059653291,0.006369340777287571,553.3135487446561,907895673
161,in_fourier,256,256,2,8,64,5e-05,5000,200,1,0.0,0.003137942709628124,0.004279460183786677,0.004251728565950424,2437.9368653763086,750630443
162,in_fourier,256,256,1,32,64,0.0001,5000,200,1,0.0,0.0046571085744799385,0.004841374655376147,0.004811732064283868,1426.167934074998,827395409
163,in_fourier,256,2048,4,32,64,0.0005,5000,200,1,0.0,0.05127323485587578,0.06703902863973916,0.06678457474059181,1989.9925835030153,177903868
164,in_fourier,256,1024,1,16,64,0.0001,5000,200,1,0.0,0.003231096589182553,0.0036079076636306505,0.0035657251062264574,1405.4343416718766,912849683
165,in_fourier,256,1024,1,8,64,0.0001,5000,200,1,0.0,0.003249620560593591,0.0039004231332065388,0.0038720081527475105,1283.0697235604748,218706486
166,in_fourier,256,1024,4,16,64,0.0001,5000,200,1,0.0,0.012737193462294683,0.04456859900148853,0.04285167508635154,449.3525429153815,642365004
167,in_fourier,256,2048,1,32,64,1e-05,5000,200,1,0.0,0.006534745129994864,0.0077002415253352155,0.007681127278826573,2223.9632005998865,932307630
168,in_fourier,256,1024,1,32,64,0.0005,5000,200,1,0.0,0.005510991414998843,0.005839806225809066,0.00582709788395026,653.9672684622929,225205288
169,in_fourier,256,512,1,8,64,1e-05,5000,200,1,0.0,0.013873019653205608,0.015299033367615605,0.015116160247273261,1927.4802161259577,812241804
170,in_fourier,256,4098,2,16,64,5e-05,5000,200,1,0.0,0.008445226998427261,0.03871290855877744,0.0381027687949497,3082.159817483276,591829928
171,in_fourier,256,512,2,8,64,1e-05,5000,200,1,0.0,0.0055412150397104185,0.03194485215944995,0.030781112972068012,2444.232554418035,696412618
172,in_fourier,256,1024,4,32,64,1e-05,5000,200,1,0.0,0.0031916292058931923,0.025223948937046024,0.02462640639543912,4071.934328478761,654719218
173,in_fourier,256,4098,1,32,64,1e-05,5000,200,1,0.0,0.005962531259987685,0.009335047396613502,0.00936098360476869,2261.712453249842,698099268
174,in_fourier,256,2048,4,32,64,0.0001,5000,200,1,0.0,0.014040332455641132,0.03722690713414243,0.037419215952575725,955.544380620122,336792499
175,in_fourier,256,512,4,8,64,0.0005,5000,200,1,0.0,0.03583268017631323,0.07094374791530943,0.0703201742092872,180.8476555403322,858123112
176,in_fourier,256,4098,1,16,64,0.0005,5000,200,1,0.0,0.008234537154941546,0.010760430654253481,0.010695619454762304,641.3550970582291,31489475
177,in_fourier,256,256,2,8,64,5e-05,5000,200,1,0.0,0.003189530802909888,0.004304057623345533,0.004273092647742507,2434.4504114696756,30269359
178,in_fourier,256,2048,1,32,64,0.0001,5000,200,1,0.0,0.0036468704934132326,0.004113804830575701,0.0040696040315004066,1194.247963522561,742968808
179,in_fourier,256,4098,2,32,64,1e-05,5000,200,1,0.0,0.0029002810501377006,0.024794402918031644,0.02381418409384796,8642.10375146009,399069689
180,in_fourier,256,4098,2,32,64,1e-05,5000,200,1,0.0,0.002100259979915325,0.02533240756084238,0.02447593946309111,9705.811361905187,498867665
181,in_fourier,256,2048,4,32,64,5e-05,5000,200,1,0.0,0.010238362844455,0.03549785486306083,0.03526682253007491,1403.2795077636838,975978766
182,in_fourier,256,2048,1,8,64,0.0001,5000,200,1,0.0,0.002753874324857465,0.006160734648509165,0.00613906591848898,2058.4338247869164,925572365
183,in_fourier,256,512,2,8,64,0.0005,5000,200,1,0.0,0.02104005280545319,0.04888847598974869,0.0474852499037424,186.51963042281568,17233943
184,in_fourier,256,4098,4,8,64,5e-05,5000,200,1,0.0,0.01278029416700045,0.10915046500746009,0.10706200838211727,5075.948762712069,873014079
185,in_fourier,256,4098,2,32,64,0.0005,5000,200,1,0.0,0.03312417775497424,0.038535913403838155,0.038607710872935824,2986.1977161644027,902522859
186,in_fourier,256,256,1,8,64,1e-05,5000,200,1,0.0,0.016754753026950973,0.017278339299760064,0.017405279091497534,1906.1427602721378,593238724
187,in_fourier,256,512,2,8,64,0.0005,5000,200,1,0.0,0.022376966954443217,0.0502581518152014,0.04817667188191437,172.32023203372955,355381932
188,in_fourier,256,2048,2,8,64,1e-05,5000,200,1,0.0,0.0019750331532495413,0.06667128749541708,0.06376812555578816,4670.084608700126,28908422
189,in_fourier,256,1024,1,16,64,0.0005,5000,200,1,0.0,0.0052550955944244025,0.005654316255910772,0.005631655335683498,578.0074060093611,675366872
190,in_fourier,256,256,4,32,64,1e-05,5000,200,1,0.0,0.0054314813488777584,0.007133538191604619,0.007020687719216427,2953.1700072064996,173768669
191,in_fourier,256,2048,1,8,64,0.0005,5000,200,1,0.0,0.006194094804005569,0.007719532873842835,0.007646595289693486,548.6652661981061,828436588
192,in_fourier,256,256,1,8,64,5e-05,5000,200,1,0.0,0.0045041343565653,0.00474487461208118,0.004728456053311988,1910.2554458742961,685520157
193,in_fourier,256,512,1,16,64,0.0005,5000,200,1,0.0,0.006189056882031418,0.006447875436536583,0.006439771663657313,316.158876767382,259506188
194,in_fourier,256,512,1,32,64,0.0001,5000,200,1,0.0,0.004103624458518469,0.0044034050224701715,0.004368066545891546,1141.3385244393721,807256348
195,in_fourier,256,1024,1,32,64,1e-05,5000,200,1,0.0,0.00797894722432738,0.00853036964279315,0.008547628953246478,2245.75925610587,467506528
196,in_fourier,256,2048,2,8,64,5e-05,5000,200,1,0.0,0.004217976828894022,0.05600495262148513,0.05418216893447054,2168.5319359721616,670257075
197,in_fourier,256,512,2,32,64,1e-05,5000,200,1,0.0,0.002774204933517864,0.006459471412468747,0.006339685679488341,2483.3952272776514,655332976
198,in_fourier,256,1024,1,8,64,1e-05,5000,200,1,0.0,0.012396024559501425,0.015629275551519786,0.015558280498416753,2361.707377705723,477921345
199,in_fourier,256,2048,2,32,64,5e-05,5000,200,1,0.0,0.0057498676569321516,0.020369791817836172,0.020261327931553982,1057.209396137856,901259975
200,in_fourier,256,1024,1,32,64,5e-05,5000,200,1,0.0,0.00441780798853392,0.004771351760241246,0.004772617081009311,1247.6832715533674,990063688
201,in_fourier,256,256,4,32,64,5e-05,5000,200,1,0.0,0.004260097576177684,0.006015443975749036,0.006021635993297563,1864.2143658399582,511330159
202,in_fourier,256,256,1,16,64,0.0001,5000,200,1,0.0,0.004183477388060373,0.004384547738302107,0.004343832373758489,1717.0712860412896,120691479
203,in_fourier,256,2048,2,32,64,0.0001,5000,200,1,0.0,0.008019035145915971,0.02133084448650926,0.021448827965157617,660.2230581883341,892282379
204,in_fourier,256,256,1,16,64,0.0005,5000,200,1,0.0,0.00686241737557309,0.0071545868747943464,0.0070882007442479005,337.5685231136158,806154271
205,in_fourier,256,512,1,32,64,0.0001,5000,200,1,0.0,0.004295596470060587,0.004593564187784892,0.00453394953760389,1086.1743943057954,92336454
206,in_fourier,256,256,4,16,64,0.0005,5000,200,1,0.0,0.0167131511706709,0.027789977285207792,0.02802412794891895,505.9626853875816,907799618
207,in_fourier,256,512,1,32,64,5e-05,5000,200,1,0.0,0.003851831901217802,0.004135529451851435,0.004123897187486733,1908.1021249648184,205952377
208,in_fourier,256,2048,4,8,64,1e-05,5000,200,1,0.0,0.0038939493562568715,0.0871356598611583,0.08355567353242718,11931.33339482639,829454406
209,in_fourier,256,256,4,16,64,1e-05,5000,200,1,0.0,0.008902907634638222,0.015549991928846702,0.015447343243409226,3164.666099462658,112989382
210,in_fourier,256,4098,2,16,64,0.0001,5000,200,1,0.0,0.013415311585330334,0.03950245008450981,0.038657281645297116,2055.5764204580337,753005363
211,in_fourier,256,4098,2,16,64,5e-05,5000,200,1,0.0,0.006438128181388707,0.03842203487881288,0.03844358893067284,3516.554695593193,617653781
212,in_fourier,256,512,4,16,64,0.0001,5000,200,1,0.0,0.006221053277177471,0.025535465473332866,0.023623147832021033,908.8527577593923,427926173
213,in_fourier,256,1024,4,16,64,1e-05,5000,200,1,0.0,0.004000555379021808,0.038454624432819176,0.037455446860442936,4007.402346822433,487060613
214,in_fourier,256,2048,2,32,64,0.0005,5000,200,1,0.0,0.029820341856987415,0.039200297706859455,0.038869256721397655,621.9642486320809,902935668
215,in_fourier,256,512,4,16,64,5e-05,5000,200,1,0.0,0.003541622980276843,0.021207590649591025,0.021181279144368893,2741.349714086391,949008383
216,in_fourier,256,4098,4,16,64,0.0005,5000,200,1,0.0,0.05193044459007528,0.06241128684683109,0.062311642247282986,8318.266447626054,741329657
217,in_fourier,256,256,4,32,64,5e-05,5000,200,1,0.0,0.004553559276623015,0.006072064247850242,0.006277503537979169,1973.4964210316539,42625327
218,in_fourier,256,512,4,32,64,0.0001,5000,200,1,0.0,0.005998368609821705,0.018182186679085277,0.017787628935958002,935.1823732135817,976435437
219,in_fourier,256,2048,2,16,64,5e-05,5000,200,1,0.0,0.004755568053753507,0.031980575979300575,0.031972997188372376,1413.9084240766242,202301090
220,in_fourier,256,512,4,8,64,1e-05,5000,200,1,0.0,0.008411075245519758,0.04500116440018164,0.0419355048408595,3177.864813716151,721757303
221,in_fourier,256,256,4,32,64,0.0005,5000,200,1,0.0,0.018101797674457628,0.024400500487066594,0.023772873565388035,388.17785823345184,511002705
222,in_fourier,256,2048,4,16,64,0.0001,5000,200,1,0.0,0.014004855327991268,0.05306705453953127,0.05196719319695808,1117.6995255090296,652545479
223,in_fourier,256,4098,1,8,64,0.0001,5000,200,1,0.0,0.0034814068878330413,0.020181832955253373,0.019619792850332638,2275.0477334279567,193733247
224,in_fourier,256,4098,2,8,64,0.0005,5000,200,1,0.0,0.03154449350933197,0.04084239860347755,0.04029402800268619,3757.741248432547,127215296
225,in_fourier,256,4098,2,8,64,0.0001,5000,200,1,0.0,0.0126168451573781,0.06322718082820243,0.06105375949573278,3686.2501901872456,213506708
226,in_fourier,256,4098,4,32,64,0.0005,5000,200,1,0.0,0.051879495432483304,0.06236946468255821,0.061999563128472504,9083.018885061145,377008431
227,in_fourier,256,512,4,32,64,1e-05,5000,200,1,0.0,0.004234152952429959,0.015281029084373223,0.015081386027500917,2969.371328902431,717750561
228,in_fourier,256,4098,2,16,64,0.0001,5000,200,1,0.0,0.014139828339796682,0.038631544396512126,0.037562230925402396,1936.9349484611303,324266759
229,in_fourier,256,4098,2,16,64,0.0005,5000,200,1,0.0,0.033053020928542676,0.03917393322303869,0.03922913424685437,2967.8145501287654,821877611
230,in_fourier,256,1024,2,32,64,1e-05,5000,200,1,0.0,0.0015445092931940956,0.014914331732577852,0.014362755612148217,2597.258097906597,977623283
231,in_fourier,256,1024,2,32,64,5e-05,5000,200,1,0.0,0.0032002150603808147,0.014672106333055766,0.014739146961868947,1218.2717236466706,260326065
232,in_fourier,256,256,2,16,64,1e-05,5000,200,1,0.0,0.006429942967037038,0.008584981775892252,0.008467859840594014,2435.845111263916,240852823
233,in_fourier,256,1024,2,32,64,0.0001,5000,200,1,0.0,0.005399983879214591,0.014905853539828944,0.014730668418487896,519.5182761503384,6428679
234,in_fourier,256,256,2,16,64,5e-05,5000,200,1,0.0,0.002929655511431012,0.0037196045124464104,0.0036846560914867593,2432.7603194657713,6713783
235,in_fourier,256,2048,4,32,64,0.0001,5000,200,1,0.0,0.016458429503843575,0.03601059107378944,0.03636313604579787,872.8652684111148,470596330
236,in_fourier,256,2048,1,16,64,0.0001,5000,200,1,0.0,0.00318619252069404,0.004219020838467375,0.004208433874028017,1778.2583270650357,59058319
237,in_fourier,256,256,1,8,64,5e-05,5000,200,1,0.0,0.004550511919976048,0.004791432711146379,0.004761681389058316,1919.9160691946745,773705962
238,in_fourier,256,4098,2,8,64,5e-05,5000,200,1,0.0,0.00728413944228619,0.06936615561303167,0.06658959151214133,7713.566426252015,780569060
239,in_fourier,256,4098,2,8,64,0.0001,5000,200,1,0.0,0.011545245142332057,0.06171949773701304,0.06009302567849337,3846.860671921633,864552664
240,in_fourier,256,2048,4,8,64,0.0005,5000,200,1,0.0,0.047493929210826784,0.06945762966693697,0.06945710217371849,2083.9281080383807,236832903
241,in_fourier,256,2048,1,16,64,0.0005,5000,200,1,0.0,0.006662028958739753,0.007386157287602994,0.007309425987854766,541.3790932819247,99437451
242,in_fourier,256,512,4,16,64,0.0001,5000,200,1,0.0,0.007111049387643392,0.027301194271874385,0.026083760925653426,855.2254354367033,180799330
243,in_fourier,256,2048,2,32,64,0.0001,5000,200,1,0.0,0.008926743737242422,0.021409925562025325,0.02124467684301137,562.629991565831,40870064
244,in_fourier,256,1024,1,32,64,0.0001,5000,200,1,0.0,0.003501112822202435,0.0037885349490780415,0.0037635154628416845,1551.8780076075345,991860447
245,in_fourier,256,1024,1,16,64,5e-05,5000,200,1,0.0,0.0031490187523819857,0.00356793704536652,0.003577899168398015,1849.677872914821,933482247
246,in_fourier,256,2048,4,8,64,0.0001,5000,200,1,0.0,0.017953534489989566,0.08237984592303509,0.07961962093909684,1066.6705313278362,270168338
247,in_fourier,256,2048,4,16,64,0.0005,5000,200,1,0.0,0.048650353276148736,0.0680846261462571,0.06767753947568614,2326.7008487079293,777306834
248,in_fourier,256,4098,1,8,64,0.0005,5000,200,1,0.0,0.007235079865858612,0.012373505724953047,0.012243603638013722,716.1166005060077,334591685
249,in_fourier,256,256,2,8,64,0.0005,5000,200,1,0.0,0.011207010667926995,0.019786113434187402,0.019440439976363803,622.6309778559953,495726221
250,in_fourier,256,512,2,32,64,0.0001,5000,200,1,0.0,0.0037340220358111956,0.006303292778510327,0.006392776486556389,1032.5804772637784,798664143
251,in_fourier,256,1024,2,16,64,1e-05,5000,200,1,0.0,0.0019146686342259786,0.02534910763699267,0.024786832929168844,2522.052397299558,806288196
252,in_fourier,256,4098,2,16,64,1e-05,5000,200,1,0.0,0.0029832195931670503,0.043914148856629566,0.04254777385013171,15517.086516452022,89912061
253,in_fourier,256,2048,1,8,64,0.0005,5000,200,1,0.0,0.006287328379389626,0.0076827000133237264,0.007669007947893299,645.0963789885864,239904074
254,in_fourier,256,256,2,8,64,0.0001,5000,200,1,0.0,0.0033179475629048372,0.004416844610906664,0.004349801211754081,2256.3033923739567,476338391
255,in_fourier,256,512,1,8,64,0.0001,5000,200,1,0.0,0.0034288079189884095,0.0037559276922243226,0.0037027578283714098,1250.4193725474179,79541665
256,in_fourier,256,512,1,8,64,5e-05,5000,200,1,0.0,0.003718529638374578,0.0041035063130773364,0.004093200380387548,1613.4962025796995,351900455
257,in_fourier,256,256,2,32,64,1e-05,5000,200,1,0.0,0.005003645869246777,0.005985667394752795,0.005958629854765012,2434.144365039654,601492206
258,in_fourier,256,512,1,32,64,1e-05,5000,200,1,0.0,0.01027147592345483,0.010677317578445358,0.010708092658692788,2069.6049731196836,758432440
259,in_fourier,256,4098,1,8,64,1e-05,5000,200,1,0.0,0.009083784113753957,0.03338336711239623,0.032355390211595184,2243.6512628551573,7390664
260,in_fourier,256,1024,1,16,64,5e-05,5000,200,1,0.0,0.0029414699406117265,0.0033796351968354674,0.003356601194318386,1998.3864122387022,481437443
261,in_fourier,256,4098,4,32,64,1e-05,5000,200,1,0.0,0.004924787534328345,0.038500612557985786,0.0379567038733714,13380.49177317135,419210311
262,in_fourier,256,256,1,8,64,1e-05,5000,200,1,0.0,0.01794932312541871,0.01865427843980413,0.01858959256148317,2190.0285834399983,260868142
263,in_fourier,256,512,1,32,64,5e-05,5000,200,1,0.0,0.003592592774070293,0.003848065561087169,0.0038431605320581887,2076.9633313035592,115193854
264,in_fourier,256,4098,4,16,64,5e-05,5000,200,1,0.0,0.013783537774037584,0.06300708505574265,0.06172420613881997,3584.062211611308,646709483
265,in_fourier,256,1024,1,16,64,0.0001,5000,200,1,0.0,0.002932159757627587,0.0032804234511853137,0.0032545605179329115,1593.9571738857776,256844516
266,in_fourier,256,4098,4,16,64,0.0001,5000,200,1,0.0,0.01684432578208964,0.053278251514605905,0.051979329953560485,4168.2920974027365,879044535
267,in_fourier,256,512,4,32,64,0.0001,5000,200,1,0.0,0.006460078836513085,0.01717548773756112,0.016174279663330734,746.397603938356,689611028
268,in_fourier,256,1024,2,16,64,5e-05,5000,200,1,0.0,0.003894560743462505,0.026793295942063405,0.02582990818519303,1014.7146371072158,686874337
269,in_fourier,256,2048,4,16,64,0.0001,5000,200,1,0.0,0.016016081422493188,0.05350357913034578,0.05121526937188402,937.3663127245381,960136567
270,in_fourier,256,1024,1,16,64,1e-05,5000,200,1,0.0,0.00865014545382695,0.009817416893939737,0.00981906063175293,2056.5213649151847,976869211
271,in_fourier,256,512,4,32,64,0.0005,5000,200,1,0.0,0.027372375164635063,0.04142763775044075,0.04004273752606563,197.1043689502403,397292867
272,in_fourier,256,2048,2,32,64,0.0005,5000,200,1,0.0,0.03263982671134759,0.03918038343531678,0.03886191070660442,339.5247594602406,75943987
273,in_fourier,256,1024,1,8,64,0.0005,5000,200,1,0.0,0.00550840897017334,0.006048869890723982,0.006059710662344265,466.165311511606,596536113
274,in_fourier,256,1024,2,16,64,0.0001,5000,200,1,0.0,0.0068072611224949285,0.026811225940501678,0.026040326132980372,462.9500019950792,562451856
275,in_fourier,256,4098,2,16,64,0.0005,5000,200,1,0.0,0.03177405988944314,0.03895885691732732,0.039357974794162295,2980.9152595913038,260449474
276,in_fourier,256,2048,4,16,64,0.0005,5000,200,1,0.0,0.04871109462840058,0.0679360779620252,0.06744898037622807,1841.9476293781772,675255995
277,in_fourier,256,1024,2,8,64,0.0001,5000,200,1,0.0,0.007324642715446468,0.046392296375282395,0.04422154588748907,504.1459224894643,995058457
278,in_fourier,256,1024,1,16,64,5e-05,5000,200,1,0.0,0.0029074726264455416,0.003313569596555532,0.0033118993967747455,2063.680370236747,436693304
279,in_fourier,256,256,2,32,64,0.0001,5000,200,1,0.0,0.004179184408654723,0.004990048888716916,0.004987999394288022,1173.0881752483547,510823559
280,in_fourier,256,512,2,8,64,5e-05,5000,200,1,0.0,0.0030058690430785234,0.02647764996350925,0.02582027939295328,2438.598987217061,141004262
281,in_fourier,256,512,4,16,64,0.0001,5000,200,1,0.0,0.007013009663483467,0.025488900057594258,0.023513614943312243,837.3808845467865,870054200
282,in_fourier,256,1024,2,16,64,0.0001,5000,200,1,0.0,0.007398855105513557,0.02747880102998432,0.026970350163234534,550.9234799724072,924545910
283,in_fourier,256,1024,2,8,64,0.0005,5000,200,1,0.0,0.02825885426895186,0.05533403669019218,0.05390934003450453,185.0781349921599,10836030
284,in_fourier,256,1024,1,16,64,0.0001,5000,200,1,0.0,0.0027417065692516953,0.003086512707432744,0.003070253675992277,2175.958924333565,770301090
285,in_fourier,256,256,2,32,64,0.0005,5000,200,1,0.0,0.00922208747774719,0.011177435186055719,0.011811717007890767,633.7335005728528,274004249
286,in_fourier,256,256,4,32,64,0.0001,5000,200,1,0.0,0.005323736579638472,0.008232620968517878,0.00764305306971181,1179.7784288749099,122857513
287,in_fourier,256,512,4,16,64,0.0005,5000,200,1,0.0,0.025179678345545763,0.05185245516570181,0.05061798555157213,220.19866960309446,813514794
288,in_fourier,256,1024,2,16,64,0.0005,5000,200,1,0.0,0.027131419580117333,0.03938675921081154,0.03866605379903051,146.47500730119646,996331647
289,in_fourier,256,256,4,32,64,0.0005,5000,200,1,0.0,0.015424119332914625,0.022414610905606935,0.02247228691460406,499.33698498271406,462999287
290,in_fourier,256,1024,1,32,64,0.0005,5000,200,1,0.0,0.005685220448530545,0.006048166956080309,0.005961433042051264,560.6218267325312,430902419
291,in_fourier,256,512,2,32,64,1e-05,5000,200,1,0.0,0.0027598532441325367,0.006418280754073238,0.006412677721206271,2458.865103245713,649170745
292,in_fourier,256,1024,1,8,64,0.0001,5000,200,1,0.0,0.002987812362181199,0.0035632307566354857,0.0035308817665846166,1500.583907525055,898233660
293,in_fourier,256,2048,2,8,64,1e-05,5000,200,1,0.0,0.002367886897155742,0.06823561243875433,0.06648749938091301,4618.691902545281,91120333
294,in_fourier,256,256,2,16,64,0.0001,5000,200,1,0.0,0.0035448502388223443,0.004461915565487365,0.004364817760914185,1597.638738019392,811342345
295,in_fourier,256,1024,1,8,64,0.0005,5000,200,1,0.0,0.005402771473264241,0.0060456069842700485,0.005969741168871291,506.2216878226027,162959308
296,in_fourier,256,256,2,16,64,0.0005,5000,200,1,0.0,0.008997590808772946,0.011899095481756052,0.012251393299018459,669.4992543272674,658222300
297,in_fourier,256,256,2,32,64,1e-05,5000,200,1,0.0,0.005013590955802629,0.006015124963744346,0.005933396802866753,2431.9402490807697,285343811
298,in_fourier,256,256,4,32,64,1e-05,5000,200,1,0.0,0.005343677521964677,0.007004785477142898,0.007050720823745322,2950.157773767598,652046690
299,in_fourier,256,1024,4,16,64,0.0005,5000,200,1,0.0,0.04541794430076515,0.06672848216638022,0.06595813341308192,228.0052908975631,830828233
300,in_fourier,256,2048,2,8,64,5e-05,5000,200,1,0.0,0.005518612781850682,0.055663693034440555,0.05419824625822717,2162.5920090079308,635801197
301,in_fourier,256,512,4,16,64,0.0005,5000,200,1,0.0,0.026018284321213773,0.05020403910709601,0.04909217073625833,236.14294336829334,942101669
302,in_fourier,256,4098,2,32,64,1e-05,5000,200,1,0.0,0.00262301778533563,0.02462854357143353,0.02397970657373519,14451.15880684834,765045283
303,in_fourier,256,256,2,32,64,5e-05,5000,200,1,0.0,0.003280759487356045,0.0039000776999661355,0.0039034081260503287,1872.971320811659,350677636
304,in_fourier,256,1024,2,32,64,0.0005,5000,200,1,0.0,0.023874874131721492,0.03174193033461226,0.031240927229143102,167.06767374556512,468764656
305,in_fourier,256,1024,4,16,64,5e-05,5000,200,1,0.0,0.007289275838394597,0.039436321189700745,0.03877684652865435,1009.1384155685082,34162951
306,in_fourier,256,4098,2,32,64,5e-05,5000,200,1,0.0,0.005684358058786568,0.024980999758683713,0.025145598536163164,3064.584990955889,890365398
307,in_fourier,256,256,2,8,64,1e-05,5000,200,1,0.0,0.01176295407710262,0.019471073484066462,0.01897986441895264,2438.6601151060313,265242269
308,in_fourier,256,256,1,16,64,1e-05,5000,200,1,0.0,0.014260974730073718,0.014514946414355322,0.014554260941700922,1923.7249859618023,300803285
309,in_fourier,256,256,4,8,64,1e-05,5000,200,1,0.0,0.013001279326767212,0.028716230818413305,0.028927423599027637,2961.593425714411,858112614
310,in_fourier,256,1024,1,8,64,0.0005,5000,200,1,0.0,0.005387452478683423,0.0059594448251067975,0.0059037781074676955,530.6064266143367,874751453
311,in_fourier,256,4098,1,16,64,0.0001,5000,200,1,0.0,0.0032975187189779,0.008464920773697484,0.00841555973337546,2236.6689090598375,369973598
312,in_fourier,256,2048,2,32,64,5e-05,5000,200,1,0.0,0.005504152316620594,0.01966012696799341,0.020335040584430544,1228.2850796245039,185565845
313,in_fourier,256,4098,4,16,64,1e-05,5000,200,1,0.0,0.004574674914994317,0.06868976882936459,0.06771691655985715,16503.702188572846,836872506
314,in_fourier,256,512,4,32,64,1e-05,5000,200,1,0.0,0.004160791188446042,0.013756015142214853,0.014105321268067909,2967.9507514629513,212103198
315,in_fourier,256,1024,4,32,64,5e-05,5000,200,1,0.0,0.0055556935291989325,0.02660100249395907,0.025712847527979518,995.6854155147448,540037495
316,in_fourier,256,2048,2,32,64,1e-05,5000,200,1,0.0,0.0014696932542604055,0.020688891808467495,0.02012049283358465,5196.2033164342865,888399698
317,in_fourier,256,256,4,8,64,0.0001,5000,200,1,0.0,0.004798112895618689,0.01129311028866975,0.012540084085286157,2650.9878701986745,506158125
318,in_fourier,256,2048,4,32,64,0.0005,5000,200,1,0.0,0.04893185390194177,0.06703575139309469,0.06728049241791245,2379.8787174662575,262165063
319,in_fourier,256,1024,2,8,64,5e-05,5000,200,1,0.0,0.004103504456770056,0.045769999632106276,0.04490667029604029,1423.7542814593762,462015099
320,in_fourier,256,4098,1,16,64,5e-05,5000,200,1,0.0,0.0032684144732046333,0.010228248665083182,0.010082529900850458,2244.8061408549547,746897578
321,in_fourier,256,2048,1,16,64,5e-05,5000,200,1,0.0,0.0028558564497316767,0.003889084959276848,0.0038594047651597714,2229.415592417121,186550913
322,in_fourier,256,1024,4,8,64,0.0001,5000,200,1,0.0,0.01418929667662833,0.06955855144015917,0.06696677103508182,454.76799662131816,558732257
323,in_fourier,256,256,4,32,64,1e-05,5000,200,1,0.0,0.005544403805387348,0.007367484956435077,0.007556291491427477,3264.926829064265,76516224
324,in_fourier,256,4098,4,32,64,0.0001,5000,200,1,0.0,0.02295730439307223,0.04176725666260757,0.04093878225766281,3187.7827847804874,576335641
325,in_fourier,256,256,4,16,64,0.0001,5000,200,1,0.0,0.005051500096390391,0.010017965981693706,0.009015973571349579,1752.8311185277998,652613103
326,in_fourier,256,2048,1,16,64,1e-05,5000,200,1,0.0,0.008294898199629168,0.011626555963089459,0.011643175523239138,2218.151675520465,46706381
327,in_fourier,256,1024,4,32,64,5e-05,5000,200,1,0.0,0.006404370708308221,0.026393091377401465,0.025805940355758124,864.0058754161,756455160
328,in_fourier,256,512,2,16,64,5e-05,5000,200,1,0.0,0.0027148363620534198,0.012120216828300478,0.01180661204685164,2453.431927585043,665156633
329,in_fourier,256,256,4,16,64,5e-05,5000,200,1,0.0,0.004120142613865362,0.007665433221646449,0.007145502787555812,2414.1753958947957,220951284
330,in_fourier,256,512,4,16,64,5e-05,5000,200,1,0.0,0.0037647786707886793,0.02071022934531418,0.020097080257229456,2391.809600993991,506091543
331,in_fourier,256,4098,4,32,64,5e-05,5000,200,1,0.0,0.015966404158462337,0.042445496180820344,0.04113029307222683,3503.208909280598,573113182
332,in_fourier,256,256,1,32,64,0.0005,5000,200,1,0.0,0.005697199124167243,0.005847915576538397,0.0058655718084405775,658.2774967728183,875692242
333,in_fourier,256,256,4,8,64,0.0005,5000,200,1,0.0,0.019201707093462576,0.038642970460654194,0.03970614957350214,489.32828126847744,495782051
334,in_fourier,256,512,4,16,64,1e-05,5000,200,1,0.0,0.005693798917523944,0.02608807718309066,0.02622224186486617,2955.126852262765,307290093
335,in_fourier,256,1024,4,32,64,1e-05,5000,200,1,0.0,0.0029643039743424936,0.025505631443981765,0.025043965549415174,4093.9485462093726,33594428
336,in_fourier,256,2048,1,8,64,1e-05,5000,200,1,0.0,0.011834250878898162,0.02035811649302481,0.020032936897005086,2055.119834338315,410799141
337,in_fourier,256,256,2,32,64,0.0005,5000,200,1,0.0,0.009916913338910996,0.012443439864507088,0.01264441347211298,477.4054796434939,929863713
338,in_fourier,256,4098,1,32,64,0.0005,5000,200,1,0.0,0.008127180356299906,0.00905960904359526,0.009048521042764657,480.4622729420662,832138247
339,in_fourier,256,4098,4,16,64,0.0001,5000,200,1,0.0,0.019301914042886163,0.055166749626196714,0.053698289637758044,3504.154781934805,877077629
340,in_fourier,256,512,4,16,64,1e-05,5000,200,1,0.0,0.00552028769624315,0.025103433847694465,0.02487484612355123,2937.683747652918,923858747
341,in_fourier,256,256,2,8,64,0.0001,5000,200,1,0.0,0.0034122443352533178,0.0046935928511760054,0.0046896546164099115,2437.9155221013352,134263193
342,in_fourier,256,256,1,16,64,5e-05,5000,200,1,0.0,0.004818597088485622,0.005069230476641831,0.005046634497982641,1916.3528095502406,247169634
343,in_fourier,256,2048,1,16,64,5e-05,5000,200,1,0.0,0.002890626071579817,0.0038783281370650888,0.0038635992636294565,2549.389452829957,708966681
344,in_fourier,256,256,1,8,64,0.0005,5000,200,1,0.0,0.006036335987417279,0.006248662947808249,0.006190511776238587,528.6226604590192,142682689
345,in_fourier,256,256,2,8,64,5e-05,5000,200,1,0.0,0.003332409328115649,0.004558689355803732,0.004518233859380019,2429.4341336116195,734587727
346,in_fourier,256,4098,4,32,64,1e-05,5000,200,1,0.0,0.004809648757499213,0.038750705445168676,0.038326166516648455,12776.217068287544,266175883
347,in_fourier,256,256,1,16,64,1e-05,5000,200,1,0.0,0.01419569474397808,0.014477726777859828,0.014453843574298464,1901.198081644252,586493222
348,in_fourier,256,1024,2,32,64,0.0005,5000,200,1,0.0,0.024166511118072276,0.03185815229255908,0.03115310872739152,156.98263397160918,981922522
349,in_fourier,256,4098,4,8,64,0.0005,5000,200,1,0.0,0.04540303750766511,0.060712952604121254,0.05966435106802717,13171.659692948684,779905536
350,in_fourier,256,1024,2,32,64,0.0001,5000,200,1,0.0,0.005791782417256262,0.015185583611558985,0.015006560548795463,481.86283616535366,175724460
351,in_fourier,256,512,1,16,64,1e-05,5000,200,1,0.0,0.010464697367438625,0.011106856831088736,0.011104357128932037,2036.9082072833553,362938307
352,in_fourier,256,2048,1,16,64,0.0005,5000,200,1,0.0,0.006712141998208195,0.007538049570585808,0.007420864841831272,491.36650800704956,758870556
353,in_fourier,256,512,2,32,64,5e-05,5000,200,1,0.0,0.0020476590250315856,0.004115412615091501,0.004166928342412515,2451.615042520687,377068084
354,in_fourier,256,2048,1,8,64,5e-05,5000,200,1,0.0,0.0031800576629288833,0.007783369819574676,0.007651663810198772,2063.693050429225,258434949
355,in_fourier,256,256,1,32,64,5e-05,5000,200,1,0.0,0.004881834352094215,0.005129686161495674,0.00511343899628083,1944.9295314699411,632922248
356,in_fourier,256,1024,2,32,64,1e-05,5000,200,1,0.0,0.001554729004732483,0.014824676467358059,0.014511814225828963,2614.9212995423004,707980149
357,in_fourier,256,1024,1,8,64,5e-05,5000,200,1,0.0,0.0030184308720038766,0.0036507537425655512,0.003644294050012331,1948.4789034985006,244613737
358,in_fourier,256,512,2,16,64,0.0001,5000,200,1,0.0,0.003800150015397446,0.014107012367607754,0.014279259243387823,1342.4190406352282,91019600
359,in_fourier,256,256,2,16,64,0.0001,5000,200,1,0.0,0.0038379352659408707,0.004829081954331041,0.0047776482320897274,1427.2068408820778,507289719
360,in_fourier,256,1024,2,32,64,5e-05,5000,200,1,0.0,0.002772868124281943,0.014310273086494425,0.014206794562652034,1271.244537094608,663680099
361,in_fourier,256,4098,4,16,64,0.0005,5000,200,1,0.0,0.050867953525297764,0.061828846794217136,0.062169679704915284,10169.424561921507,642634864
362,in_fourier,256,1024,2,8,64,1e-05,5000,200,1,0.0,0.002239450091276505,0.04380203499530222,0.04211298820361063,2513.9646150683984,629119158
363,in_fourier,256,1024,4,16,64,0.0005,5000,200,1,0.0,0.03678217239031654,0.06601840900176743,0.06583189971324671,290.6173636196181,906246309
364,in_fourier,256,2048,1,16,64,0.0001,5000,200,1,0.0,0.0029331829276127985,0.0038836035551579767,0.003894987319865046,1722.8514098264277,652908778
365,in_fourier,256,512,2,32,64,1e-05,5000,200,1,0.0,0.002797964016084007,0.006445466705158168,0.0063367209309669525,2428.10390459653,590833901
366,in_fourier,256,4098,4,32,64,0.0005,5000,200,1,0.0,0.05309468367346813,0.06268182075155478,0.06209417231130318,6808.721661816351,228669540
367,in_fourier,256,2048,1,8,64,1e-05,5000,200,1,0.0,0.011634636985579557,0.020040341328961587,0.019768190588341263,2047.495093362406,210911848
368,in_fourier,256,256,4,32,64,0.0005,5000,200,1,0.0,0.01853933281634058,0.02383693264343007,0.023855231089940282,314.7341538807377,64802364
369,in_fourier,256,256,2,16,64,5e-05,5000,200,1,0.0,0.0027473940837896694,0.003487342347944575,0.003444147202022486,2425.301126908511,255838398
370,in_fourier,256,1024,2,8,64,5e-05,5000,200,1,0.0,0.004354266287688204,0.0438226106578786,0.042008465608781825,1067.160321418196,714640838
371,in_fourier,256,4098,4,32,64,0.0001,5000,200,1,0.0,0.02061922674114995,0.04284858492753112,0.041968584812385606,3854.5807615127414,254914485
372,in_fourier,256,256,2,16,64,0.0005,5000,200,1,0.0,0.009322044532686676,0.011899563138773724,0.011959538774873567,570.276285879314,893707354
373,in_fourier,256,1024,1,8,64,1e-05,5000,200,1,0.0,0.012363600182011254,0.01541089139272935,0.01536922624585744,1947.3468999871984,473424293
374,in_fourier,256,4098,1,32,64,5e-05,5000,200,1,0.0,0.003407811349627584,0.005218179384450434,0.005300262817778648,1799.7964002378285,222017602
375,in_fourier,256,2048,2,8,64,0.0005,5000,200,1,0.0,0.037140555787457,0.05938822473584967,0.058642127234713154,430.75537212286144,229111092
376,in_fourier,256,1024,2,8,64,1e-05,5000,200,1,0.0,0.002143019817511735,0.04834526513724951,0.04717871716712168,2507.5440120007843,505521187
377,in_fourier,256,256,4,8,64,1e-05,5000,200,1,0.0,0.013190958063144707,0.029146937198304447,0.02951625995919338,2966.366660426371,3604480
378,in_fourier,256,256,4,32,64,0.0001,5000,200,1,0.0,0.005238267989852179,0.007861363618926715,0.00819643103570211,1349.392354702577,964437172
379,in_fourier,256,512,2,32,64,0.0005,5000,200,1,0.0,0.013686356507615162,0.02225079147039508,0.021402222969862845,277.66107285022736,865334161
380,in_fourier,256,512,2,16,64,1e-05,5000,200,1,0.0,0.0036856734294330807,0.014193189877851798,0.013731409920665134,2445.941782845184,371740845
381,in_fourier,256,2048,4,32,64,0.0005,5000,200,1,0.0,0.04795891336572973,0.06661203225813146,0.06590387812191435,2250.0542420074344,679133520
382,in_fourier,256,4098,4,16,64,5e-05,5000,200,1,0.0,0.013669285677486855,0.06201087946241213,0.0609322872215105,3818.173902503215,872410104
383,in_fourier,256,256,1,32,64,0.0005,5000,200,1,0.0,0.0070358895416201385,0.007243233000859603,0.007168498701326878,369.16250811796635,788328251
384,in_fourier,256,2048,2,8,64,0.0001,5000,200,1,0.0,0.007200562596446801,0.05520591846863158,0.054297955328057354,859.8769239420071,762524131
385,in_fourier,256,256,2,8,64,0.0005,5000,200,1,0.0,0.010373732478128455,0.01878295079293207,0.018593664797632335,803.3149257190526,746774056
386,in_fourier,256,512,2,16,64,0.0001,5000,200,1,0.0,0.003937828901078379,0.015628680619317867,0.015373765931060292,1285.2997209876776,742088513
387,in_fourier,256,4098,1,32,64,1e-05,5000,200,1,0.0,0.00594278843864414,0.009568236889742322,0.009572294478395258,2259.6188626680523,402309201
388,in_fourier,256,2048,4,8,64,0.0001,5000,200,1,0.0,0.016033860852769692,0.08221524114846933,0.08045219150464177,979.3855271255597,700896889
389,in_fourier,256,512,2,8,64,0.0005,5000,200,1,0.0,0.023906878547825427,0.050347454117291246,0.04922829533986758,162.95146481785923,890248826
390,in_fourier,256,256,1,16,64,0.0001,5000,200,1,0.0,0.004154786808108716,0.004360321878348627,0.004332029447633327,1645.2334967460483,430687361
391,in_fourier,256,2048,2,8,64,0.0001,5000,200,1,0.0,0.007866346972011709,0.05697495417513225,0.0550017212781372,924.7702338555828,583087724
392,in_fourier,256,512,4,32,64,5e-05,5000,200,1,0.0,0.0033416194638851765,0.011655684605304575,0.01125234521095488,2786.3023799294606,217671606
393,in_fourier,256,512,2,8,64,5e-05,5000,200,1,0.0,0.0031884674286820716,0.02740414518974592,0.02581869096743151,2448.3619692223147,143413725
394,in_fourier,256,256,4,32,64,5e-05,5000,200,1,0.0,0.00443622742738965,0.006016672290129555,0.0059768082270348745,1788.501412739046,48164168
395,in_fourier,256,4098,1,32,64,1e-05,5000,200,1,0.0,0.005939983251235865,0.009447955783953207,0.009467874866701984,2257.7816585190594,35427754
396,in_fourier,256,512,2,32,64,0.0001,5000,200,1,0.0,0.0032688478152268015,0.005745285472602897,0.005921764403956391,1623.6902491701767,248236097
397,in_fourier,256,1024,1,8,64,0.0001,5000,200,1,0.0,0.0027741840331176166,0.0032294206980319554,0.0032229850479649005,1740.881573884748,152589655
398,in_fourier,256,4098,2,32,64,0.0001,5000,200,1,0.0,0.01474762758826988,0.02668387407077793,0.027256234722688857,1419.0431556925178,973752375
399,in_fourier,256,2048,2,8,64,5e-05,5000,200,1,0.0,0.0047996410695694556,0.05597543029998465,0.055191932555082396,2336.919187789783,203310683
400,in_fourier,256,512,2,32,64,0.0005,5000,200,1,0.0,0.01679340140764844,0.02247401555782346,0.02210257314806897,179.44408985693008,536586381
401,in_fourier,256,1024,1,8,64,5e-05,5000,200,1,0.0,0.002927602275145857,0.003583499710044466,0.003586363595678791,1908.4101733630523,646089513
402,in_fourier,256,2048,4,8,64,5e-05,5000,200,1,0.0,0.010726798867080709,0.08607181007242183,0.0842880824823652,1873.2861001910642,208086576
403,in_fourier,256,512,2,16,64,5e-05,5000,200,1,0.0,0.0025716568165821767,0.011705781432161567,0.011379406037502876,2186.488116844557,352427966
404,in_fourier,256,1024,2,32,64,0.0005,5000,200,1,0.0,0.023783816500950312,0.031705320788705166,0.0316881127433572,166.83747789170593,598969866
405,in_fourier,256,4098,2,32,64,5e-05,5000,200,1,0.0,0.007832572536867493,0.024667350692287437,0.02509841215202361,2591.2163404831663,748217193
406,in_fourier,256,1024,4,16,64,0.0005,5000,200,1,0.0,0.03819730920232149,0.06915403096989252,0.06886183299985651,333.9985625157133,668386994
407,in_fourier,256,1024,4,16,64,5e-05,5000,200,1,0.0,0.0070283499721685815,0.039451309152466106,0.03995761078595726,961.7267369786277,580796636
408,in_fourier,256,512,1,16,64,0.0001,5000,200,1,0.0,0.00400185660302456,0.004306796473851714,0.004291070093737212,1101.3463111892343,463771791
409,in_fourier,256,2048,4,8,64,5e-05,5000,200,1,0.0,0.011316404579059452,0.08259443229373814,0.08098162620578657,1566.6097392747179,800963708
410,in_fourier,256,1024,4,8,64,0.0001,5000,200,1,0.0,0.016738068728866722,0.06498265674584718,0.06339414828489234,417.38002952653915,763112239
411,in_fourier,256,512,1,32,64,0.0005,5000,200,1,0.0,0.005185519564932771,0.005395777094682135,0.005382151580340463,655.2201522896066,396643910
412,in_fourier,256,4098,1,32,64,0.0001,5000,200,1,0.0,0.003943325231434709,0.005463627662210284,0.005448565299128869,1209.862284898758,770106468
413,in_fourier,256,1024,4,32,64,0.0005,5000,200,1,0.0,0.04512713463941739,0.06212500805943362,0.06072114516461149,264.39725301694125,492950654
414,in_fourier,256,2048,1,32,64,0.0005,5000,200,1,0.0,0.006243927715552105,0.00677174990692046,0.006678736192831292,592.3638330316171,382527271
415,in_fourier,256,512,2,8,64,1e-05,5000,200,1,0.0,0.005045593104334858,0.02919032362472908,0.028300530827769472,2423.842471431941,351004898
416,in_fourier,256,4098,4,16,64,1e-05,5000,200,1,0.0,0.006916602438809534,0.0687903555456225,0.06747685391077948,16011.723070880398,37477910
417,in_fourier,256,1024,1,8,64,5e-05,5000,200,1,0.0,0.0029255084207668778,0.003561819737668072,0.003572267801117393,1944.6204663123935,154882708
418,in_fourier,256,256,1,8,64,0.0005,5000,200,1,0.0,0.0060380681895180685,0.006262466478181658,0.006190947051999867,515.2076500114053,834215050
419,in_fourier,256,1024,1,8,64,1e-05,5000,200,1,0.0,0.012483015846963862,0.015567518269824485,0.015647865490795033,1935.5559883555397,898658289
420,in_fourier,256,1024,2,32,64,0.0001,5000,200,1,0.0,0.005740155403665208,0.015485900920265395,0.015327239666771776,609.607826821506,643596564
421,in_fourier,256,2048,4,16,64,0.0001,5000,200,1,0.0,0.01773050488765176,0.05487323257911682,0.05389027507163288,958.9498710865155,624875384
422,in_fourier,256,1024,4,16,64,0.0001,5000,200,1,0.0,0.012523727838020427,0.044779530001591517,0.042578621526811314,438.1941041490063,916519236
423,in_fourier,256,1024,4,16,64,1e-05,5000,200,1,0.0,0.0037189539358504376,0.03734256339799767,0.036602404411603756,4028.447928952053,518756420
424,in_fourier,256,512,1,16,64,5e-05,5000,200,1,0.0,0.003483077085361998,0.003781287669674103,0.0037656502642474097,1925.7577349869534,133279974
425,in_fourier,256,2048,1,8,64,5e-05,5000,200,1,0.0,0.0030772096877815422,0.007527177021213185,0.007412613345287147,2070.1843123184517,101878372
426,in_fourier,256,1024,2,8,64,1e-05,5000,200,1,0.0,0.00221927275459349,0.046972927892066654,0.04524565608445999,2503.375988076441,878101170
427,in_fourier,256,4098,2,8,64,5e-05,5000,200,1,0.0,0.008824701865664784,0.06642271304868698,0.06507603409991208,6380.929384032264,166924245
428,in_fourier,256,256,1,8,64,1e-05,5000,200,1,0.0,0.017159748177547004,0.01776340597221517,0.01762850915164106,1901.0667056618258,418145108
429,in_fourier,256,4098,1,8,64,1e-05,5000,200,1,0.0,0.008870259418994959,0.03276712210821277,0.03163792925045906,2231.4830290535465,463038089
430,in_fourier,256,512,1,16,64,1e-05,5000,200,1,0.0,0.010259418780556404,0.010844752496414452,0.010811353698520794,1937.9905697964132,280153528
431,in_fourier,256,1024,1,16,64,0.0005,5000,200,1,0.0,0.006384235777228198,0.006740580874851018,0.00670554678683845,392.10798537917435,741443905
432,in_fourier,256,512,4,32,64,0.0005,5000,200,1,0.0,0.02530038509932165,0.042680364917108665,0.04120919587232779,221.33806723169982,20110085
433,in_fourier,256,256,2,8,64,0.0005,5000,200,1,0.0,0.012631392369256289,0.022206234059083084,0.02225835701875289,583.0158283505589,719259272
434,in_fourier,256,256,4,8,64,0.0005,5000,200,1,0.0,0.021632760497632363,0.0466525007162825,0.044481923481814685,332.08035056479275,195853001
435,in_fourier,256,256,4,8,64,5e-05,5000,200,1,0.0,0.005351196074919369,0.015052378841052818,0.015078452944890299,2953.6394885312766,101644634
436,in_fourier,256,256,4,16,64,5e-05,5000,200,1,0.0,0.004106255721249336,0.0074929220120789255,0.0069031598368616675,2494.7278579818085,848261326
437,in_fourier,256,256,2,16,64,5e-05,5000,200,1,0.0,0.002851109833964736,0.0036144577250920807,0.003564030726358041,2432.8847457431257,815161502
438,in_fourier,256,256,2,32,64,1e-05,5000,200,1,0.0,0.004964187368298583,0.005951918873483358,0.0059089214037590975,2455.2737462250516,391857698
439,in_fourier,256,256,4,16,64,1e-05,5000,200,1,0.0,0.007584085911525922,0.012619361170457966,0.012748188444634226,2958.2376550305635,44574755
440,in_fourier,256,256,1,16,64,0.0005,5000,200,1,0.0,0.006480236730265394,0.006689613210459575,0.006651721080174905,407.21922091953456,448791385
441,in_fourier,256,256,2,32,64,0.0001,5000,200,1,0.0,0.00378147517530924,0.004637215254201161,0.0045698526927029515,1414.0003021778539,298417666
442,in_fourier,256,4098,4,32,64,5e-05,5000,200,1,0.0,0.013255054650464487,0.04107200060155863,0.03950145814751357,3791.91317260731,54374577
443,in_fourier,256,512,1,8,64,1e-05,5000,200,1,0.0,0.012920943373402168,0.014266708482992026,0.014180890772120884,1918.9958093352616,806008017
444,in_fourier,256,256,4,32,64,0.0001,5000,200,1,0.0,0.005664299483864983,0.007713947361159391,0.007933888196764747,1082.271082491614,123091131
445,in_fourier,256,256,2,16,64,0.0001,5000,200,1,0.0,0.004336229595115069,0.005312229631800766,0.005263160549814681,1041.9183520013466,141037931
446,in_fourier,256,512,4,8,64,1e-05,5000,200,1,0.0,0.008699781301018365,0.047631621577162504,0.04370621638449298,2978.116687774658,872743941
447,in_fourier,256,512,4,8,64,5e-05,5000,200,1,0.0,0.004132406185354963,0.03300344419279182,0.033352423851763284,2957.5996900284663,976908156
448,in_fourier,256,256,2,32,64,5e-05,5000,200,1,0.0,0.0035498512665033404,0.004239705960964394,0.004195383942638925,1545.7080230284482,415006608
449,in_fourier,256,256,1,32,64,0.0005,5000,200,1,0.0,0.006078114654102672,0.006252052430423836,0.006230587228918652,638.8905321806669,722940671
450,in_fourier,256,512,1,8,64,5e-05,5000,200,1,0.0,0.00326104518063054,0.003590905641448689,0.0035767214945230832,1916.007406254299,169034484
451,in_fourier,256,512,2,8,64,0.0001,5000,200,1,0.0,0.005884479441759834,0.033541472577538776,0.0324750338733141,826.5604266300797,919245432
452,in_fourier,256,512,1,8,64,0.0005,5000,200,1,0.0,0.006000475791369051,0.006370240614194935,0.0063313442207240025,364.1505351141095,935704940
453,in_fourier,256,2048,2,16,64,0.0005,5000,200,1,0.0,0.03493068167587756,0.04495403100022373,0.04497577923242077,435.7849879413843,633484490
454,in_fourier,256,512,2,16,64,1e-05,5000,200,1,0.0,0.0037499052092967978,0.014925916636694656,0.014668565868022981,2443.948447931558,781054966
455,in_fourier,256,512,4,8,64,0.0005,5000,200,1,0.0,0.03227112138647406,0.0670161447010391,0.06331068133699155,192.53795574605465,634727908
456,in_fourier,256,512,4,16,64,1e-05,5000,200,1,0.0,0.005636225471803017,0.024254411489326843,0.0253750107974591,2970.076126630418,902391066
457,in_fourier,256,512,4,8,64,0.0001,5000,200,1,0.0,0.007613495369731672,0.039986965685369795,0.039923998477377806,948.2232422763482,727063631
458,in_fourier,256,512,4,16,64,5e-05,5000,200,1,0.0,0.0040351685225643984,0.02174275151101105,0.021345158821758813,2471.9397123325616,940657656
459,in_fourier,256,512,1,16,64,0.0001,5000,200,1,0.0,0.00377744508283845,0.004061410517642805,0.00404098757710212,1220.1599308373407,277302660
460,in_fourier,256,512,2,16,64,0.0005,5000,200,1,0.0,0.01872706639543303,0.032588571787356024,0.03135353395968291,190.5652664238587,608940114
461,in_fourier,256,512,1,32,64,5e-05,5000,200,1,0.0,0.004228292723637279,0.0045187237047568,0.004508596323973339,1655.9266805546358,487283280
462,in_fourier,256,512,1,32,64,1e-05,5000,200,1,0.0,0.01053272039799274,0.01094199813774242,0.010876975260014538,2072.684076254256,603932795
463,in_fourier,256,4098,4,32,64,0.0005,5000,200,1,0.0,0.05384399441589412,0.06288049455331007,0.06285711051534226,6428.978870620951,837911001
464,in_fourier,256,512,4,16,64,0.0005,5000,200,1,0.0,0.025798288495136174,0.05015130296479085,0.05035450970809537,216.01748287584633,215755511
465,in_fourier,256,512,2,32,64,5e-05,5000,200,1,0.0,0.002070299817804465,0.004212855103410882,0.004102730069266186,2464.780553193763,415694433
466,in_fourier,256,1024,2,8,64,0.0001,5000,200,1,0.0,0.007184215511834064,0.044712995218468485,0.04333253450397231,502.76220958773047,628142168
467,in_fourier,256,1024,4,8,64,5e-05,5000,200,1,0.0,0.008237894732169076,0.06660444496579883,0.06433515932819656,1132.4396903868765,30679898
468,in_fourier,256,1024,2,16,64,5e-05,5000,200,1,0.0,0.003608623669169814,0.02635676271593755,0.02609861078694934,1003.8477144343778,826755611
469,in_fourier,256,1024,4,8,64,0.0005,5000,200,1,0.0,0.03483666338504886,0.0793051826815298,0.07609471038425387,292.94784653559327,375757976
470,in_fourier,256,2048,1,16,64,1e-05,5000,200,1,0.0,0.008268882803270766,0.011508704505381908,0.011602354968913669,2667.954970702529,281047497
471,in_fourier,256,1024,2,8,64,0.0005,5000,200,1,0.0,0.028347247895867546,0.0553815059989591,0.05380326894534299,167.4170433031395,166788493
472,in_fourier,256,1024,4,16,64,1e-05,5000,200,1,0.0,0.004162809437969547,0.03923700567426555,0.03898171201721642,4064.4297543298453,426262387
473,in_fourier,256,1024,1,16,64,1e-05,5000,200,1,0.0,0.008523227878963074,0.009704402150329096,0.009653592251651034,2068.213352604769,665099753
474,in_fourier,256,1024,2,32,64,1e-05,5000,200,1,0.0,0.0016708948473348382,0.01449238552910753,0.014041718077179653,2629.8556842375547,828933752
475,in_fourier,256,1024,4,16,64,0.0001,5000,200,1,0.0,0.009960023663272826,0.04460554060641914,0.0434842614340425,515.9377721240744,512834234
476,in_fourier,256,1024,1,32,64,0.0001,5000,200,1,0.0,0.004321671641865661,0.004657089893007164,0.004608081975913176,1028.7961585531011,281681414
477,in_fourier,256,1024,1,32,64,5e-05,5000,200,1,0.0,0.00318641446770952,0.0035067688788088507,0.0034966589761120256,1976.184748955071,911824579
478,in_fourier,256,4098,2,8,64,5e-05,5000,200,1,0.0,0.007111040491820346,0.07007124237648127,0.06761891556606886,10720.106929928064,791936680
479,in_fourier,256,2048,1,8,64,0.0001,5000,200,1,0.0,0.0028019352977323507,0.005816681111399487,0.005795604869882819,2080.628820016049,765829161
480,in_fourier,256,1024,1,16,64,0.0005,5000,200,1,0.0,0.007289826553247725,0.007665826094115095,0.007615495493221827,292.10362821351737,804937039
481,in_fourier,256,1024,1,32,64,1e-05,5000,200,1,0.0,0.007588929782989788,0.008101067161726537,0.008162241769582296,2240.127037080005,470507531
482,in_fourier,256,1024,4,32,64,0.0001,5000,200,1,0.0,0.010649018721612832,0.03170709735097679,0.030240867646077405,453.87393599934876,237073157
483,in_fourier,256,2048,4,8,64,0.0001,5000,200,1,0.0,0.017002023064178827,0.07971280734203963,0.0775732164231084,963.5344147207215,687279711
484,in_fourier,256,2048,2,8,64,0.0005,5000,200,1,0.0,0.03761224654235989,0.06199457171687573,0.06037967677264563,371.6278104716912,897913691
485,in_fourier,256,2048,1,16,64,1e-05,5000,200,1,0.0,0.008296480747433659,0.01146491369584866,0.011460952149365513,2232.252895263955,156244994
486,in_fourier,256,2048,4,8,64,0.0005,5000,200,1,0.0,0.045699454239169116,0.07061372515562635,0.07070079503919818,2292.739209230989,899612630
487,in_fourier,256,1024,2,32,64,5e-05,5000,200,1,0.0,0.003183477895515307,0.013828572981700432,0.013711300432238933,1467.8216360127553,639125602
488,in_fourier,256,1024,4,32,64,0.0005,5000,200,1,0.0,0.047782316997757326,0.059967345055934734,0.06003442250579168,206.95155039429665,906071254
489,in_fourier,256,2048,1,8,64,1e-05,5000,200,1,0.0,0.01154057269656728,0.01992866849364572,0.019586012633616093,2070.870829574764,95327373
490,in_fourier,256,2048,4,16,64,5e-05,5000,200,1,0.0,0.01008050494691619,0.0531465548889766,0.051864168064255894,1484.1022902019322,946047115
491,in_fourier,256,2048,2,16,64,1e-05,5000,200,1,0.0,0.0017319921374537267,0.035762840325927955,0.03477093579964498,4711.1441715611145,966962832
492,in_fourier,256,2048,2,32,64,1e-05,5000,200,1,0.0,0.0014890785223673673,0.021240643752030615,0.02040860146134643,5148.561864134856,39274942
493,in_fourier,256,2048,1,8,64,0.0005,5000,200,1,0.0,0.005741672324923662,0.0070575154203285214,0.0070372982788208475,737.1683233575895,30011059
494,in_fourier,256,2048,1,16,64,5e-05,5000,200,1,0.0,0.0028942097969311877,0.003906588068542916,0.003900411729458574,2222.7455037152395,469683181
495,in_fourier,256,2048,1,16,64,0.0001,5000,200,1,0.0,0.0029051288623219563,0.0037176748396092305,0.0036977681864414657,1907.4458559341729,656803265
496,in_fourier,256,2048,2,16,64,0.0005,5000,200,1,0.0,0.033066570726058384,0.04457271258594238,0.04383244365368608,456.86824889387935,51970621
497,in_fourier,256,2048,2,8,64,0.0005,5000,200,1,0.0,0.03895575435067093,0.061157857289079846,0.0603638871916604,466.1274339277297,155673307
498,in_fourier,256,2048,4,32,64,5e-05,5000,200,1,0.0,0.010370889774517911,0.03468997452037701,0.034258717716773114,1220.146732465364,95510638
499,in_fourier,256,2048,1,32,64,5e-05,5000,200,1,0.0,0.003190707955085289,0.0037283817883555057,0.0037515409812830165,1839.533507367596,813127446
500,in_fourier,256,2048,4,32,64,1e-05,5000,200,1,0.0,0.0028610398193735266,0.032685680301409704,0.032620730551948564,9915.701318225823,360379115
501,in_fourier,256,4098,1,8,64,5e-05,5000,200,1,0.0,0.003426623261158294,0.02511507666750611,0.024433983750985724,2253.581356802024,955331342
502,in_fourier,256,2048,1,32,64,0.0005,5000,200,1,0.0,0.007720725939705344,0.008226192685911255,0.008051110657013569,328.2389122452587,520943745
503,in_fourier,256,4098,2,8,64,1e-05,5000,200,1,0.0,0.004626153238397071,0.09165710159929495,0.0907067329831521,15737.623196464963,277687902
504,in_fourier,256,4098,1,16,64,1e-05,5000,200,1,0.0,0.007545067656211622,0.019221963365496083,0.01874164683019094,2241.767014246434,38771048
505,in_fourier,256,2048,1,32,64,0.0001,5000,200,1,0.0,0.0032439138209972526,0.0036544181866271764,0.0036102018320704112,1519.6885042311624,354445076
506,in_fourier,256,512,2,32,64,0.0005,5000,200,1,0.0,0.014812521663183163,0.022343395932107744,0.022006059738832018,206.2804768877104,988115909
507,in_fourier,256,4098,4,8,64,5e-05,5000,200,1,0.0,0.02498804518871176,0.10393179863637596,0.10165303711833866,6855.26904516574,433956113
508,in_fourier,256,4098,2,16,64,0.0001,5000,200,1,0.0,0.012702357630010751,0.03874724845116421,0.03839616093636931,2621.2203274350613,3814703
509,in_fourier,256,4098,1,32,64,5e-05,5000,200,1,0.0,0.003039367729769853,0.0046196304941680715,0.004647844160187074,2255.4028455242515,264864386
510,in_fourier,256,4098,1,16,64,0.0005,5000,200,1,0.0,0.008287491974542998,0.01108641181247857,0.010985173183496703,570.0594289666042,505261901
511,in_fourier,256,256,1,32,64,0.0001,5000,200,1,0.0,0.00443188333854168,0.004614805016072343,0.004623907913772005,1803.8693252652884,743204348
512,in_fourier,256,512,4,32,64,1e-05,5000,200,1,0.0,0.004174845652349961,0.01434826356526067,0.014256987629108365,3319.5498483143747,334268718
513,in_fourier,256,256,1,16,64,0.0005,5000,200,1,0.0,0.007211339050040118,0.007409429200693391,0.00735998856603504,428.70810933597386,434165970
514,in_fourier,256,1024,4,8,64,5e-05,5000,200,1,0.0,0.0094886146734056,0.06250726005375809,0.06061612164044456,1201.7794138388708,190309081
515,in_fourier,256,512,1,32,64,1e-05,5000,200,1,0.0,0.0105035464508897,0.01084524451925967,0.010840894637427654,2246.828691228293,944048642
516,in_fourier,256,2048,4,16,64,5e-05,5000,200,1,0.0,0.012851565069564825,0.052411454417624896,0.05100858290181517,1428.5884744562209,377567294
517,in_fourier,256,4098,1,8,64,0.0005,5000,200,1,0.0,0.007063961092496427,0.011976877631022384,0.011814792220478,1109.7226674631238,430198867
518,in_fourier,256,256,2,8,64,1e-05,5000,200,1,0.0,0.011120386023577466,0.0189902036830888,0.018234133370769765,2876.8077216893435,881166727
519,in_fourier,256,2048,2,16,64,0.0001,5000,200,1,0.0,0.010467581835085322,0.0325220934125521,0.031221760781345486,642.0888951690868,411526790
520,in_fourier,256,4098,2,8,64,1e-05,5000,200,1,0.0,0.0035401046256403564,0.09085295084023816,0.08737651718749785,16609.35510976985,222718411
521,in_fourier,256,4098,1,16,64,1e-05,5000,200,1,0.0,0.007574033728192845,0.0190444172654598,0.018826865671725885,2764.655314634554,559562834
522,in_fourier,256,2048,4,16,64,1e-05,5000,200,1,0.0,0.0035786623798872833,0.050855810483007816,0.050319967029857235,8916.87303255871,914249663
523,in_fourier,256,1024,2,16,64,5e-05,5000,200,1,0.0,0.0037531892329484007,0.02642421644883233,0.02604692889831147,1121.1834042491391,36666606
524,in_fourier,256,1024,4,8,64,5e-05,5000,200,1,0.0,0.006575261402528066,0.061668746193493926,0.06081644754656769,1295.5309730274603,691006593
525,in_fourier,256,256,4,16,64,5e-05,5000,200,1,0.0,0.0037907240367640615,0.007044217208838397,0.006607470729195049,3080.8658098177984,585335192
526,in_fourier,256,256,4,8,64,0.0005,5000,200,1,0.0,0.019844926943654462,0.036613357368272585,0.035429864312146814,490.3413631077856,361271731
527,in_fourier,256,4098,1,16,64,5e-05,5000,200,1,0.0,0.003335014734143461,0.010236114095299542,0.010070479541813903,2527.9720599306747,918921747
528,in_fourier,256,4098,1,32,64,0.0001,5000,200,1,0.0,0.004160063874202172,0.005766253622968051,0.0057886537594999945,1075.9576793489978,845883891
529,in_fourier,256,512,2,16,64,5e-05,5000,200,1,0.0,0.0026637222212050195,0.011905120999090234,0.011617567067745246,2418.478632837534,877708574
530,in_fourier,256,2048,1,8,64,0.0001,5000,200,1,0.0,0.002998548276487825,0.006772497503332524,0.006774947854584574,1974.618937190622,892242946
531,in_fourier,256,1024,4,8,64,0.0005,5000,200,1,0.0,0.033177431340549145,0.0789553496453783,0.07579506385866655,356.19424057751894,158484920
532,in_fourier,256,2048,1,32,64,1e-05,5000,200,1,0.0,0.006547225084829576,0.007674053263165253,0.007652610669028251,2755.030978708528,255483119
533,in_fourier,256,1024,2,16,64,1e-05,5000,200,1,0.0,0.0018113063738318658,0.026419251040181467,0.025769322733336146,3095.287227953784,108514459
534,in_fourier,256,2048,4,16,64,5e-05,5000,200,1,0.0,0.01088864911142335,0.05259896627368837,0.05236644153998102,1435.1714570736513,522814163
535,in_fourier,256,1024,4,8,64,1e-05,5000,200,1,0.0,0.004869607698610775,0.061765611583880935,0.05962537401090755,4639.649581329897,281760640
536,in_fourier,256,512,2,16,64,0.0005,5000,200,1,0.0,0.01997583512756627,0.033577194002144865,0.03272463462729785,200.43980655819178,586575174
537,in_fourier,256,512,2,8,64,0.0001,5000,200,1,0.0,0.00515531269783951,0.030764954851791385,0.030090389774476048,1054.0942941224203,868691800
538,in_fourier,256,512,4,8,64,5e-05,5000,200,1,0.0,0.0038375117952703527,0.03622075181961032,0.03292542864806869,3442.092739137821,201915161
539,in_fourier,256,256,4,16,64,1e-05,5000,200,1,0.0,0.007980321026594342,0.013709954836850871,0.013882078075869319,3464.316078186035,983609710
